,target,score_session_ave,score_session_sum,query_dwell_time_session_sum,clicked_doc_count_session_sum,session_len,score_session_ave,score_session_sum,score_session_peak,score_session_end,query_dwell_time_session_sum,clicked_doc_count_session_sum,session_len
0,2,0.9375000000000002,-0.6666666666666666,-0.9408482548665078,-0.7142857142857143,-1.0,0.9375000000000002,-0.6666666666666666,0.0,0.5,-0.9408482548665078,-0.7142857142857143,-1.0
1,0,-0.8125000000000003,-0.3333333333333333,0.12687462606643374,0.0,0.0,-0.8125000000000003,-0.3333333333333333,-2.0,-0.5,0.12687462606643374,0.0,0.0
2,2,0.9375000000000002,-0.6666666666666666,-0.7945836239410036,-0.42857142857142855,-1.0,0.9375000000000002,-0.6666666666666666,0.0,0.5,-0.7945836239410036,-0.42857142857142855,-1.0
3,2,0.3750000000000001,0.6666666666666666,0.035925168111716685,-0.14285714285714285,0.5,0.3750000000000001,0.6666666666666666,0.0,0.0,0.035925168111716685,-0.14285714285714285,0.5
4,0,-0.5625000000000001,-0.5555555555555556,-0.805594211425757,-0.7142857142857143,-0.5,-0.5625000000000001,-0.5555555555555556,-2.0,-0.5,-0.805594211425757,-0.7142857142857143,-0.5
5,2,-0.06250000000000012,0.0,-0.5744412895377933,-0.5714285714285714,0.0,-0.06250000000000012,0.0,0.0,0.5,-0.5744412895377933,-0.5714285714285714,0.0
6,2,0.9375000000000002,-0.6666666666666666,-0.8263394672211075,-0.7142857142857143,-1.0,0.9375000000000002,-0.6666666666666666,0.0,0.5,-0.8263394672211075,-0.7142857142857143,-1.0
7,0,-0.18750000000000006,-0.4444444444444444,-0.8166147153807759,-0.7142857142857143,-0.5,-0.18750000000000006,-0.4444444444444444,-1.0,0.0,-0.8166147153807759,-0.7142857142857143,-0.5
8,0,-1.3125000000000002,-1.0,-0.2791651654232515,-0.2857142857142857,-1.0,-1.3125000000000002,-1.0,-3.0,-1.0,-0.2791651654232515,-0.2857142857142857,-1.0
9,1,0.7500000000000002,0.8888888888888888,1.535529060216113,1.0,0.5,0.7500000000000002,0.8888888888888888,0.0,0.5,1.535529060216113,1.0,0.5
10,0,-1.098214285714286,0.5555555555555556,0.8949779689085602,2.2857142857142856,2.0,-1.098214285714286,0.5555555555555556,-2.0,-1.0,0.8949779689085602,2.2857142857142856,2.0
11,2,0.9375000000000002,-0.6666666666666666,-0.43301589610183555,-0.42857142857142855,-1.0,0.9375000000000002,-0.6666666666666666,0.0,0.5,-0.43301589610183555,-0.42857142857142855,-1.0
12,2,-0.5625000000000001,-0.5555555555555556,-0.7364367477944117,-0.5714285714285714,-0.5,-0.5625000000000001,-0.5555555555555556,0.0,0.5,-0.7364367477944117,-0.5714285714285714,-0.5
13,0,-1.8125000000000007,0.1111111111111111,0.9683102665216659,1.2857142857142858,3.0,-1.8125000000000007,0.1111111111111111,-3.0,-1.5,0.9683102665216659,1.2857142857142858,3.0
14,0,-0.31249999999999994,-0.1111111111111111,0.465446059359991,0.2857142857142857,0.0,-0.31249999999999994,-0.1111111111111111,-1.0,0.0,0.465446059359991,0.2857142857142857,0.0
15,1,-0.18750000000000006,-0.4444444444444444,1.006610980176976,0.14285714285714285,-0.5,-0.18750000000000006,-0.4444444444444444,-1.0,0.0,1.006610980176976,0.14285714285714285,-0.5
16,0,-0.5625000000000001,-0.2222222222222222,-0.14516059723594918,0.14285714285714285,0.0,-0.5625000000000001,-0.2222222222222222,-2.0,-0.5,-0.14516059723594918,0.14285714285714285,0.0
17,1,-0.06250000000000012,0.0,0.07892188135273877,0.14285714285714285,0.0,-0.06250000000000012,0.0,-1.0,0.0,0.07892188135273877,0.14285714285714285,0.0
18,0,-0.3750000000000001,0.2222222222222222,-0.14276411692179541,0.14285714285714285,0.5,-0.3750000000000001,0.2222222222222222,0.0,-0.5,-0.14276411692179541,0.14285714285714285,0.5
19,0,-0.9375000000000002,-0.6666666666666666,-0.23762507148122317,0.0,-0.5,-0.9375000000000002,-0.6666666666666666,-2.0,-0.5,-0.23762507148122317,0.0,-0.5
20,1,-1.1875000000000004,1.6666666666666667,1.8907039702241453,0.5714285714285714,4.5,-1.1875000000000004,1.6666666666666667,0.0,0.0,1.8907039702241453,0.5714285714285714,4.5
21,1,-0.9375000000000002,-0.6666666666666666,-0.7222892502156832,-0.42857142857142855,-0.5,-0.9375000000000002,-0.6666666666666666,-1.0,0.0,-0.7222892502156832,-0.42857142857142855,-0.5
22,1,0.18750000000000006,-0.7777777777777778,-0.40384825156101767,0.0,-1.0,0.18750000000000006,-0.7777777777777778,-1.0,0.0,-0.40384825156101767,0.0,-1.0
23,2,0.9375000000000002,0.4444444444444444,0.3337288903139224,-0.42857142857142855,0.0,0.9375000000000002,0.4444444444444444,0.0,0.5,0.3337288903139224,-0.42857142857142855,0.0
24,2,0.9375000000000002,-0.6666666666666666,-0.36011331220023335,0.14285714285714285,-1.0,0.9375000000000002,-0.6666666666666666,0.0,0.5,-0.36011331220023335,0.14285714285714285,-1.0
25,2,0.9375000000000002,-0.6666666666666666,-0.9169098956456779,-0.7142857142857143,-1.0,0.9375000000000002,-0.6666666666666666,0.0,0.5,-0.9169098956456779,-0.7142857142857143,-1.0
26,2,0.9375000000000002,0.4444444444444444,-0.5128930640901473,-0.42857142857142855,0.0,0.9375000000000002,0.4444444444444444,0.0,0.5,-0.5128930640901473,-0.42857142857142855,0.0
27,0,0.18750000000000006,-0.7777777777777778,0.5851808268352907,-0.42857142857142855,-1.0,0.18750000000000006,-0.7777777777777778,-1.0,0.0,0.5851808268352907,-0.42857142857142855,-1.0
28,0,-1.1875000000000004,0.2222222222222222,1.2086293124250067,0.0,1.5,-1.1875000000000004,0.2222222222222222,-1.0,0.0,1.2086293124250067,0.0,1.5
29,0,-1.1625,0.0,0.2315991630499096,0.14285714285714285,1.0,-1.1625,0.0,-2.0,-1.0,0.2315991630499096,0.14285714285714285,1.0
30,2,0.6875000000000003,1.8888888888888888,0.6279703960307675,1.1428571428571428,1.5,0.6875000000000003,1.8888888888888888,0.0,0.5,0.6279703960307675,1.1428571428571428,1.5
31,2,0.9375000000000002,0.4444444444444444,-0.7128388540526961,0.42857142857142855,0.0,0.9375000000000002,0.4444444444444444,0.0,0.5,-0.7128388540526961,0.42857142857142855,0.0
32,2,0.5625000000000001,0.7777777777777778,0.14454577607949043,0.2857142857142857,0.5,0.5625000000000001,0.7777777777777778,0.0,0.5,0.14454577607949043,0.2857142857142857,0.5
33,2,-0.06250000000000012,0.0,-0.6920902927672571,-0.5714285714285714,0.0,-0.06250000000000012,0.0,0.0,0.5,-0.6920902927672571,-0.5714285714285714,0.0
34,2,0.5625000000000001,1.7777777777777777,0.04359941426715632,0.5714285714285714,1.5,0.5625000000000001,1.7777777777777777,0.0,0.5,0.04359941426715632,0.5714285714285714,1.5
35,2,0.9375000000000002,-0.1111111111111111,-0.8310002082458756,0.14285714285714285,-0.5,0.9375000000000002,-0.1111111111111111,0.0,0.5,-0.8310002082458756,0.14285714285714285,-0.5
36,1,-1.0625000000000002,-0.4444444444444444,0.8975893060784658,-0.14285714285714285,0.0,-1.0625000000000002,-0.4444444444444444,-1.0,-1.5,0.8975893060784658,-0.14285714285714285,0.0
37,0,-1.1250000000000002,-0.2222222222222222,-0.10681360671940025,-0.42857142857142855,0.5,-1.1250000000000002,-0.2222222222222222,-2.0,-0.5,-0.10681360671940025,-0.42857142857142855,0.5
38,1,0.18750000000000006,-0.7777777777777778,-0.25493592307463464,-0.42857142857142855,-1.0,0.18750000000000006,-0.7777777777777778,-1.0,0.0,-0.25493592307463464,-0.42857142857142855,-1.0
39,2,0.18750000000000006,-0.3333333333333333,-0.041497122570877974,-0.14285714285714285,-0.5,0.18750000000000006,-0.3333333333333333,0.0,0.5,-0.041497122570877974,-0.14285714285714285,-0.5
40,2,0.9375000000000002,-0.1111111111111111,-0.5005768080204411,-0.5714285714285714,-0.5,0.9375000000000002,-0.1111111111111111,0.0,0.5,-0.5005768080204411,-0.5714285714285714,-0.5
41,2,-0.9375000000000002,0.4444444444444444,0.576593163585399,0.0,1.5,-0.9375000000000002,0.4444444444444444,0.0,-0.5,0.576593163585399,0.0,1.5
42,2,0.5625000000000001,-0.2222222222222222,-0.49957855001371776,-0.42857142857142855,-0.5,0.5625000000000001,-0.2222222222222222,0.0,0.0,-0.49957855001371776,-0.42857142857142855,-0.5
43,2,-0.06250000000000012,0.0,-0.489629024847369,-0.42857142857142855,0.0,-0.06250000000000012,0.0,0.0,-0.5,-0.489629024847369,-0.42857142857142855,0.0
44,2,0.18750000000000006,-0.3333333333333333,-0.5140400691508527,0.0,-0.5,0.18750000000000006,-0.3333333333333333,-1.0,0.0,-0.5140400691508527,0.0,-0.5
45,2,0.9375000000000002,-0.6666666666666666,0.7439964036267838,-0.42857142857142855,-1.0,0.9375000000000002,-0.6666666666666666,0.0,0.5,0.7439964036267838,-0.42857142857142855,-1.0
46,1,0.3750000000000001,0.6666666666666666,3.018649575079249,0.7142857142857143,0.5,0.3750000000000001,0.6666666666666666,0.0,-0.5,3.018649575079249,0.7142857142857143,0.5
47,0,-0.8125000000000003,-0.3333333333333333,0.2681281340177901,0.7142857142857143,0.0,-0.8125000000000003,-0.3333333333333333,-2.0,-0.5,0.2681281340177901,0.7142857142857143,0.0
48,0,-1.3125000000000002,-0.5555555555555556,-0.16805772707890534,0.14285714285714285,0.0,-1.3125000000000002,-0.5555555555555556,-2.0,-0.5,-0.16805772707890534,0.14285714285714285,0.0
49,1,0.18750000000000006,-0.7777777777777778,3.3061313535651364,-0.2857142857142857,-1.0,0.18750000000000006,-0.7777777777777778,-1.0,0.0,3.3061313535651364,-0.2857142857142857,-1.0
50,0,-0.06250000000000012,0.0,0.87705229615869,0.7142857142857143,0.0,-0.06250000000000012,0.0,-1.0,0.0,0.87705229615869,0.7142857142857143,0.0
51,0,-0.3750000000000001,0.2222222222222222,0.2003556707335213,0.5714285714285714,0.5,-0.3750000000000001,0.2222222222222222,-1.0,0.0,0.2003556707335213,0.5714285714285714,0.5
52,1,0.18750000000000006,-0.3333333333333333,1.157820624274858,0.14285714285714285,-0.5,0.18750000000000006,-0.3333333333333333,-1.0,0.0,1.157820624274858,0.14285714285714285,-0.5
53,0,-1.4625000000000004,-0.2222222222222222,0.8971827307975817,0.5714285714285714,1.0,-1.4625000000000004,-0.2222222222222222,-1.0,-1.0,0.8971827307975817,0.5714285714285714,1.0
54,0,-1.0625000000000002,0.3333333333333333,1.318870712366169,0.2857142857142857,1.5,-1.0625000000000002,0.3333333333333333,-1.0,0.0,1.318870712366169,0.2857142857142857,1.5
55,2,-0.5625000000000001,-0.5555555555555556,-0.9892108803511752,-0.5714285714285714,-0.5,-0.5625000000000001,-0.5555555555555556,0.0,0.5,-0.9892108803511752,-0.5714285714285714,-0.5
56,2,0.4374999999999999,0.2222222222222222,-0.39985521953412423,0.42857142857142855,0.0,0.4374999999999999,0.2222222222222222,0.0,0.0,-0.39985521953412423,0.42857142857142855,0.0
57,1,0.18750000000000006,-0.7777777777777778,-0.46467588016937333,-0.42857142857142855,-1.0,0.18750000000000006,-0.7777777777777778,-1.0,0.0,-0.46467588016937333,-0.42857142857142855,-1.0
58,2,-0.06250000000000012,0.0,-0.39331034915891805,-0.2857142857142857,0.0,-0.06250000000000012,0.0,0.0,0.5,-0.39331034915891805,-0.2857142857142857,0.0
59,2,0.6875000000000003,0.3333333333333333,-0.6204041292182185,-0.2857142857142857,0.0,0.6875000000000003,0.3333333333333333,0.0,0.5,-0.6204041292182185,-0.2857142857142857,0.0
60,0,-1.5625000000000002,-0.6666666666666666,0.42451748108433296,1.0,0.0,-1.5625000000000002,-0.6666666666666666,-2.0,-1.5,0.42451748108433296,1.0,0.0
61,1,0.18750000000000006,-0.7777777777777778,-0.48914642329444974,-0.2857142857142857,-1.0,0.18750000000000006,-0.7777777777777778,-1.0,0.0,-0.48914642329444974,-0.2857142857142857,-1.0
62,2,0.9375000000000002,1.5555555555555556,0.8185451215924529,0.2857142857142857,1.0,0.9375000000000002,1.5555555555555556,0.0,0.5,0.8185451215924529,0.2857142857142857,1.0
63,0,0.18750000000000006,1.8888888888888888,1.5444208285541456,1.0,2.0,0.18750000000000006,1.8888888888888888,0.0,0.5,1.5444208285541456,1.0,2.0
64,2,0.5625000000000001,-0.2222222222222222,0.838583002508867,0.0,-0.5,0.5625000000000001,-0.2222222222222222,0.0,0.0,0.838583002508867,0.0,-0.5
65,0,-0.31249999999999994,3.2222222222222223,1.7004531826911318,1.7142857142857142,4.5,-0.31249999999999994,3.2222222222222223,0.0,0.5,1.7004531826911318,1.7142857142857142,4.5
66,1,-0.11249999999999996,0.7777777777777778,-0.0009023987941572157,-0.2857142857142857,1.0,-0.11249999999999996,0.7777777777777778,0.0,0.5,-0.0009023987941572157,-0.2857142857142857,1.0
67,1,0.9375000000000002,-0.1111111111111111,-0.27748928194838807,-0.42857142857142855,-0.5,0.9375000000000002,-0.1111111111111111,0.0,0.5,-0.27748928194838807,-0.42857142857142855,-0.5
68,1,0.037499999999999874,0.8888888888888888,1.6621161086448482,0.2857142857142857,1.0,0.037499999999999874,0.8888888888888888,0.0,-1.0,1.6621161086448482,0.2857142857142857,1.0
69,2,0.037499999999999874,0.8888888888888888,-0.20047136288661838,0.42857142857142855,1.0,0.037499999999999874,0.8888888888888888,0.0,0.0,-0.20047136288661838,0.42857142857142855,1.0
70,2,-0.5625000000000001,0.1111111111111111,-0.5667824690027667,-0.14285714285714285,0.5,-0.5625000000000001,0.1111111111111111,0.0,0.5,-0.5667824690027667,-0.14285714285714285,0.5
71,1,0.18750000000000006,0.1111111111111111,0.5767584380898234,0.7142857142857143,0.0,0.18750000000000006,0.1111111111111111,0.0,-0.5,0.5767584380898234,0.7142857142857143,0.0
72,0,-1.4375000000000004,0.0,0.6316394900289891,0.42857142857142855,1.5,-1.4375000000000004,0.0,-1.0,0.0,0.6316394900289891,0.42857142857142855,1.5
73,1,-0.11249999999999996,0.7777777777777778,1.483586588965613,2.0,1.0,-0.11249999999999996,0.7777777777777778,0.0,0.5,1.483586588965613,2.0,1.0
74,0,-0.31249999999999994,-0.1111111111111111,0.9834659385773832,-0.2857142857142857,0.0,-0.31249999999999994,-0.1111111111111111,-1.0,0.0,0.9834659385773832,-0.2857142857142857,0.0
75,1,-0.11249999999999996,0.7777777777777778,0.07546764421026883,0.14285714285714285,1.0,-0.11249999999999996,0.7777777777777778,0.0,0.5,0.07546764421026883,0.14285714285714285,1.0
76,2,0.9375000000000002,-0.6666666666666666,-0.2545227368135737,-0.7142857142857143,-1.0,0.9375000000000002,-0.6666666666666666,0.0,0.5,-0.2545227368135737,-0.7142857142857143,-1.0
77,0,-1.0625000000000002,1.1111111111111112,0.9544007642293084,0.8571428571428571,3.0,-1.0625000000000002,1.1111111111111112,0.0,-1.5,0.9544007642293084,0.8571428571428571,3.0
78,0,-0.9375000000000002,-0.6666666666666666,1.2399653584638726,-0.14285714285714285,-0.5,-0.9375000000000002,-0.6666666666666666,-2.0,-0.5,1.2399653584638726,-0.14285714285714285,-0.5
79,1,-0.5625000000000001,0.4444444444444444,0.1603559351727284,-0.14285714285714285,1.0,-0.5625000000000001,0.4444444444444444,0.0,0.0,0.1603559351727284,-0.14285714285714285,1.0
80,0,-1.176136363636364,1.4444444444444444,0.9148274368899305,0.8571428571428571,4.0,-1.176136363636364,1.4444444444444444,0.0,0.5,0.9148274368899305,0.8571428571428571,4.0
81,2,0.9375000000000002,-0.1111111111111111,-0.7376597791271523,-0.2857142857142857,-0.5,0.9375000000000002,-0.1111111111111111,0.0,0.5,-0.7376597791271523,-0.2857142857142857,-0.5
82,1,0.18750000000000006,0.1111111111111111,1.7734912916863619,-0.14285714285714285,0.0,0.18750000000000006,0.1111111111111111,-1.0,0.0,1.7734912916863619,-0.14285714285714285,0.0
83,1,-0.18750000000000006,-0.4444444444444444,-0.008934739709182982,0.2857142857142857,-0.5,-0.18750000000000006,-0.4444444444444444,-1.0,-0.5,-0.008934739709182982,0.2857142857142857,-0.5
84,1,-0.7125000000000002,0.3333333333333333,0.8537518965249383,0.5714285714285714,1.0,-0.7125000000000002,0.3333333333333333,0.0,-1.0,0.8537518965249383,0.5714285714285714,1.0
85,1,0.9375000000000002,-0.6666666666666666,-0.27238229976167416,-0.5714285714285714,-1.0,0.9375000000000002,-0.6666666666666666,0.0,0.5,-0.27238229976167416,-0.5714285714285714,-1.0
86,1,0.18750000000000006,-0.7777777777777778,-0.6058203069478096,-0.42857142857142855,-1.0,0.18750000000000006,-0.7777777777777778,-1.0,0.0,-0.6058203069478096,-0.42857142857142855,-1.0
87,2,0.9375000000000002,0.4444444444444444,0.14053291111206603,0.0,0.0,0.9375000000000002,0.4444444444444444,0.0,0.5,0.14053291111206603,0.0,0.0
88,1,0.18750000000000006,-0.7777777777777778,-0.29318374888852894,-0.42857142857142855,-1.0,0.18750000000000006,-0.7777777777777778,-1.0,0.0,-0.29318374888852894,-0.42857142857142855,-1.0
89,1,0.0,0.4444444444444444,1.4339348223464352,0.14285714285714285,0.5,0.0,0.4444444444444444,-1.0,0.0,1.4339348223464352,0.14285714285714285,0.5
90,0,-0.6875,0.6666666666666666,1.1750686715565883,0.7142857142857143,1.5,-0.6875,0.6666666666666666,-1.0,-1.0,1.1750686715565883,0.7142857142857143,1.5
91,0,-1.3125000000000002,0.1111111111111111,0.37740102536302544,-0.14285714285714285,1.5,-1.3125000000000002,0.1111111111111111,-1.0,-1.5,0.37740102536302544,-0.14285714285714285,1.5
92,0,-1.0625000000000002,-0.4444444444444444,0.2785569552469697,-0.42857142857142855,0.0,-1.0625000000000002,-0.4444444444444444,-2.0,-0.5,0.2785569552469697,-0.42857142857142855,0.0
93,2,0.9375000000000002,-0.6666666666666666,-0.3547914731577677,-0.42857142857142855,-1.0,0.9375000000000002,-0.6666666666666666,0.0,0.5,-0.3547914731577677,-0.42857142857142855,-1.0
94,1,0.18750000000000006,-0.3333333333333333,-0.41428037828028574,-0.5714285714285714,-0.5,0.18750000000000006,-0.3333333333333333,-1.0,0.0,-0.41428037828028574,-0.5714285714285714,-0.5
95,1,-0.9375000000000002,-0.6666666666666666,0.11070086306346211,-0.42857142857142855,-0.5,-0.9375000000000002,-0.6666666666666666,-1.0,0.0,0.11070086306346211,-0.42857142857142855,-0.5
96,1,-0.5625000000000001,0.1111111111111111,-0.5082918218869721,-0.5714285714285714,0.5,-0.5625000000000001,0.1111111111111111,-1.0,0.0,-0.5082918218869721,-0.5714285714285714,0.5
97,1,0.4374999999999999,0.2222222222222222,-0.26680263249230646,-0.42857142857142855,0.0,0.4374999999999999,0.2222222222222222,0.0,0.0,-0.26680263249230646,-0.42857142857142855,0.0
98,2,0.3375000000000002,1.1111111111111112,0.21628482746994482,0.7142857142857143,1.0,0.3375000000000002,1.1111111111111112,0.0,0.0,0.21628482746994482,0.7142857142857143,1.0
99,1,-0.5625000000000001,0.1111111111111111,3.2981056236302875,1.1428571428571428,0.5,-0.5625000000000001,0.1111111111111111,-1.0,0.0,3.2981056236302875,1.1428571428571428,0.5
100,2,-0.026785714285714197,1.6666666666666667,4.620737983717156,0.8571428571428571,2.0,-0.026785714285714197,1.6666666666666667,0.0,-0.5,4.620737983717156,0.8571428571428571,2.0
101,2,0.6875000000000003,0.3333333333333333,2.2943803363005615,0.14285714285714285,0.0,0.6875000000000003,0.3333333333333333,0.0,0.5,2.2943803363005615,0.14285714285714285,0.0
102,0,0.0,0.4444444444444444,0.34481219858062256,0.2857142857142857,0.5,0.0,0.4444444444444444,0.0,-0.5,0.34481219858062256,0.2857142857142857,0.5
103,1,-0.5625000000000001,0.4444444444444444,0.45631629573558724,0.2857142857142857,1.0,-0.5625000000000001,0.4444444444444444,0.0,-0.5,0.45631629573558724,0.2857142857142857,1.0
104,0,-0.5625000000000001,-0.8888888888888888,-0.2661944223160247,-0.2857142857142857,-1.0,-0.5625000000000001,-0.8888888888888888,-2.0,-0.5,-0.2661944223160247,-0.2857142857142857,-1.0
105,0,-1.2053571428571432,0.4444444444444444,0.995454951128329,0.5714285714285714,2.0,-1.2053571428571432,0.4444444444444444,-1.0,-1.5,0.995454951128329,0.5714285714285714,2.0
106,0,-0.18750000000000006,-0.4444444444444444,-0.08699388814882639,-0.42857142857142855,-0.5,-0.18750000000000006,-0.4444444444444444,-1.0,-0.5,-0.08699388814882639,-0.42857142857142855,-0.5
107,0,-0.5625000000000001,-0.8888888888888888,0.009744584780862535,0.0,-1.0,-0.5625000000000001,-0.8888888888888888,-2.0,-0.5,0.009744584780862535,0.0,-1.0
108,0,-1.1625,0.0,0.24605407120686748,0.2857142857142857,1.0,-1.1625,0.0,-1.0,0.0,0.24605407120686748,0.2857142857142857,1.0
109,1,0.18750000000000006,0.1111111111111111,0.5185818125324351,0.14285714285714285,0.0,0.18750000000000006,0.1111111111111111,0.0,0.5,0.5185818125324351,0.14285714285714285,0.0
110,1,-0.7125000000000002,0.3333333333333333,1.8859506754768995,0.5714285714285714,1.0,-0.7125000000000002,0.3333333333333333,0.0,0.0,1.8859506754768995,0.5714285714285714,1.0
111,1,0.18750000000000006,-0.7777777777777778,-0.4477021885649876,-0.5714285714285714,-1.0,0.18750000000000006,-0.7777777777777778,-1.0,0.0,-0.4477021885649876,-0.5714285714285714,-1.0
112,2,0.9375000000000002,-0.6666666666666666,-0.5710068853358543,-0.5714285714285714,-1.0,0.9375000000000002,-0.6666666666666666,0.0,0.5,-0.5710068853358543,-0.5714285714285714,-1.0
113,1,-0.9910714285714289,0.6666666666666666,2.6666644630066076,1.4285714285714286,2.0,-0.9910714285714289,0.6666666666666666,0.0,-1.0,2.6666644630066076,1.4285714285714286,2.0
114,1,-0.18750000000000006,0.3333333333333333,0.6582354632809634,0.2857142857142857,0.5,-0.18750000000000006,0.3333333333333333,-1.0,-0.5,0.6582354632809634,0.2857142857142857,0.5
115,2,0.9375000000000002,-0.1111111111111111,0.6170854171693766,-0.42857142857142855,-0.5,0.9375000000000002,-0.1111111111111111,0.0,0.5,0.6170854171693766,-0.42857142857142855,-0.5
116,1,-0.5625000000000001,0.1111111111111111,1.0652834292476374,0.0,0.5,-0.5625000000000001,0.1111111111111111,-1.0,0.0,1.0652834292476374,0.0,0.5
117,2,0.9375000000000002,0.4444444444444444,0.6536276100976112,-0.14285714285714285,0.0,0.9375000000000002,0.4444444444444444,0.0,0.5,0.6536276100976112,-0.14285714285714285,0.0
118,0,-0.5625000000000001,0.4444444444444444,1.3052421767313331,0.5714285714285714,1.0,-0.5625000000000001,0.4444444444444444,0.0,0.5,1.3052421767313331,0.5714285714285714,1.0
119,1,0.3750000000000001,0.6666666666666666,-0.16517864521183234,-0.14285714285714285,0.5,0.3750000000000001,0.6666666666666666,0.0,0.5,-0.16517864521183234,-0.14285714285714285,0.5
120,0,-0.24107142857142877,1.4444444444444444,0.4056497436592436,1.2857142857142858,2.0,-0.24107142857142877,1.4444444444444444,0.0,0.0,0.4056497436592436,1.2857142857142858,2.0
121,0,-1.5937500000000004,0.2222222222222222,0.14544156389347065,0.7142857142857143,2.5,-1.5937500000000004,0.2222222222222222,-1.0,0.0,0.14544156389347065,0.7142857142857143,2.5
122,1,-0.7125000000000002,0.3333333333333333,2.785162977188813,1.5714285714285714,1.0,-0.7125000000000002,0.3333333333333333,-1.0,-0.5,2.785162977188813,1.5714285714285714,1.0
123,2,0.9375000000000002,-0.6666666666666666,-0.2538715552661415,-0.2857142857142857,-1.0,0.9375000000000002,-0.6666666666666666,0.0,0.5,-0.2538715552661415,-0.2857142857142857,-1.0
124,1,-0.18750000000000006,-0.4444444444444444,0.5750296667735442,-0.14285714285714285,-0.5,-0.18750000000000006,-0.4444444444444444,-1.0,-0.5,0.5750296667735442,-0.14285714285714285,-0.5
125,1,-1.2187500000000002,0.6666666666666666,4.465350200147425,1.2857142857142858,2.5,-1.2187500000000002,0.6666666666666666,-1.0,0.0,4.465350200147425,1.2857142857142858,2.5
126,0,-0.9375000000000002,1.5555555555555556,0.2950381288281707,1.0,3.5,-0.9375000000000002,1.5555555555555556,-1.0,0.0,0.2950381288281707,1.0,3.5
127,1,-1.3125000000000002,-0.5555555555555556,-0.3165006759727231,-0.14285714285714285,0.0,-1.3125000000000002,-0.5555555555555556,-2.0,-0.5,-0.3165006759727231,-0.14285714285714285,0.0
128,2,-0.06250000000000012,0.0,-0.4718223497406843,-0.2857142857142857,0.0,-0.06250000000000012,0.0,0.0,0.5,-0.4718223497406843,-0.2857142857142857,0.0
129,2,0.9375000000000002,-0.6666666666666666,-0.4541445887474506,-0.42857142857142855,-1.0,0.9375000000000002,-0.6666666666666666,0.0,0.5,-0.4541445887474506,-0.42857142857142855,-1.0
130,0,-2.0625000000000004,-0.7777777777777778,-0.4983191582900039,-0.14285714285714285,0.5,-2.0625000000000004,-0.7777777777777778,-4.0,-1.5,-0.4983191582900039,-0.14285714285714285,0.5
131,1,0.18750000000000006,0.1111111111111111,-0.3139389211541449,0.14285714285714285,0.0,0.18750000000000006,0.1111111111111111,-1.0,0.0,-0.3139389211541449,0.14285714285714285,0.0
132,0,-1.5625000000000002,-0.6666666666666666,-0.033868051446647736,0.7142857142857143,0.0,-1.5625000000000002,-0.6666666666666666,-3.0,-1.5,-0.033868051446647736,0.7142857142857143,0.0
133,2,0.9375000000000002,0.4444444444444444,0.455691558108863,0.5714285714285714,0.0,0.9375000000000002,0.4444444444444444,0.0,0.5,0.455691558108863,0.5714285714285714,0.0
134,2,0.0,0.4444444444444444,2.705907241337137,0.42857142857142855,0.5,0.0,0.4444444444444444,0.0,0.5,2.705907241337137,0.42857142857142855,0.5
135,0,-0.9375000000000002,-0.6666666666666666,-0.3252304752964198,-0.5714285714285714,-0.5,-0.9375000000000002,-0.6666666666666666,-1.0,0.0,-0.3252304752964198,-0.5714285714285714,-0.5
136,0,-0.31249999999999994,-0.1111111111111111,0.1648613181633375,0.8571428571428571,0.0,-0.31249999999999994,-0.1111111111111111,0.0,-0.5,0.1648613181633375,0.8571428571428571,0.0
137,1,-0.8125000000000003,-0.3333333333333333,2.7569605357538336,-0.2857142857142857,0.0,-0.8125000000000003,-0.3333333333333333,-1.0,-1.5,2.7569605357538336,-0.2857142857142857,0.0
138,0,-0.8437500000000002,1.1111111111111112,2.032297943654616,1.2857142857142858,2.5,-0.8437500000000002,1.1111111111111112,-1.0,0.0,2.032297943654616,1.2857142857142858,2.5
139,1,0.6875000000000003,1.8888888888888888,0.1998367087896287,0.2857142857142857,1.5,0.6875000000000003,1.8888888888888888,0.0,0.5,0.1998367087896287,0.2857142857142857,1.5
140,0,-0.18750000000000006,-0.4444444444444444,-0.15681906077804625,-0.5714285714285714,-0.5,-0.18750000000000006,-0.4444444444444444,-1.0,0.0,-0.15681906077804625,-0.5714285714285714,-0.5
141,2,0.9375000000000002,-0.6666666666666666,-0.25683327438542675,0.0,-1.0,0.9375000000000002,-0.6666666666666666,0.0,0.5,-0.25683327438542675,0.0,-1.0
142,1,-0.06250000000000012,0.0,0.5777732235469892,0.7142857142857143,0.0,-0.06250000000000012,0.0,-1.0,0.0,0.5777732235469892,0.7142857142857143,0.0
143,0,-0.3750000000000001,0.2222222222222222,0.6799624496325948,0.2857142857142857,0.5,-0.3750000000000001,0.2222222222222222,-1.0,0.0,0.6799624496325948,0.2857142857142857,0.5
144,1,0.18750000000000006,-0.7777777777777778,-0.06308858382888138,-0.2857142857142857,-1.0,0.18750000000000006,-0.7777777777777778,-1.0,0.0,-0.06308858382888138,-0.2857142857142857,-1.0
145,0,-2.0625000000000004,-0.5555555555555556,0.5658139604068397,1.2857142857142858,1.5,-2.0625000000000004,-0.5555555555555556,-4.0,-1.5,0.5658139604068397,1.2857142857142858,1.5
146,1,0.18750000000000006,-0.3333333333333333,-0.27287812327494737,-0.2857142857142857,-0.5,0.18750000000000006,-0.3333333333333333,0.0,0.5,-0.27287812327494737,-0.2857142857142857,-0.5
147,2,0.9375000000000002,-0.6666666666666666,-0.3682580397782677,-0.2857142857142857,-1.0,0.9375000000000002,-0.6666666666666666,0.0,0.5,-0.3682580397782677,-0.2857142857142857,-1.0
148,2,0.4374999999999999,0.2222222222222222,-0.5113560111990004,-0.14285714285714285,0.0,0.4374999999999999,0.2222222222222222,0.0,0.0,-0.5113560111990004,-0.14285714285714285,0.0
149,2,0.3125000000000003,1.5555555555555556,-0.23752590677856852,0.8571428571428571,1.5,0.3125000000000003,1.5555555555555556,0.0,0.0,-0.23752590677856852,0.8571428571428571,1.5
150,1,-0.11249999999999996,0.7777777777777778,0.12389307400661759,0.42857142857142855,1.0,-0.11249999999999996,0.7777777777777778,-1.0,0.0,0.12389307400661759,0.42857142857142855,1.0
151,0,-0.6458333333333335,1.6666666666666667,1.9661583924740602,1.8571428571428572,3.0,-0.6458333333333335,1.6666666666666667,-1.0,-1.5,1.9661583924740602,1.8571428571428572,3.0
152,1,-0.6875,0.6666666666666666,-0.39277816525467146,0.14285714285714285,1.5,-0.6875,0.6666666666666666,0.0,0.5,-0.39277816525467146,0.14285714285714285,1.5
153,1,-0.06250000000000012,0.0,-0.28501588287987517,0.0,0.0,-0.06250000000000012,0.0,-1.0,0.0,-0.28501588287987517,0.0,0.0
154,2,0.9375000000000002,-0.6666666666666666,-0.7703510761022984,-0.7142857142857143,-1.0,0.9375000000000002,-0.6666666666666666,0.0,0.5,-0.7703510761022984,-0.7142857142857143,-1.0
155,2,0.6875000000000003,0.3333333333333333,-0.4465353505637513,-0.14285714285714285,0.0,0.6875000000000003,0.3333333333333333,0.0,0.5,-0.4465353505637513,-0.14285714285714285,0.0
156,1,0.2708333333333331,2.888888888888889,1.848324281799641,5.714285714285714,3.0,0.2708333333333331,2.888888888888889,0.0,-0.5,1.848324281799641,5.714285714285714,3.0
157,1,-0.06250000000000012,1.2222222222222223,1.7705494055076076,1.4285714285714286,1.5,-0.06250000000000012,1.2222222222222223,-1.0,0.0,1.7705494055076076,1.4285714285714286,1.5
158,1,-0.2625000000000001,0.6666666666666666,0.48711685238011815,1.0,1.0,-0.2625000000000001,0.6666666666666666,0.0,0.0,0.48711685238011815,1.0,1.0
159,1,-0.8125000000000003,0.5555555555555556,0.6795988457228611,0.8571428571428571,1.5,-0.8125000000000003,0.5555555555555556,-1.0,0.0,0.6795988457228611,0.8571428571428571,1.5
160,0,-1.1458333333333335,1.0,0.853811395346531,1.2857142857142858,3.0,-1.1458333333333335,1.0,-1.0,-1.0,0.853811395346531,1.2857142857142858,3.0
161,2,0.18750000000000006,0.1111111111111111,-0.8588886281224486,0.14285714285714285,0.0,0.18750000000000006,0.1111111111111111,-1.0,0.0,-0.8588886281224486,0.14285714285714285,0.0
162,1,0.18750000000000006,-0.7777777777777778,-0.10111824729693548,-0.5714285714285714,-1.0,0.18750000000000006,-0.7777777777777778,-1.0,0.0,-0.10111824729693548,-0.5714285714285714,-1.0
163,0,-0.7500000000000002,0.0,0.7010746148277675,0.7142857142857143,0.5,-0.7500000000000002,0.0,-1.0,-0.5,0.7010746148277675,0.7142857142857143,0.5
164,2,0.6875000000000003,0.3333333333333333,-0.24320143326050236,0.0,0.0,0.6875000000000003,0.3333333333333333,0.0,0.0,-0.24320143326050236,0.0,0.0
165,0,-1.1625,0.0,-0.16368125820174728,0.2857142857142857,1.0,-1.1625,0.0,0.0,-1.0,-0.16368125820174728,0.2857142857142857,1.0
166,0,-0.8625000000000002,0.2222222222222222,1.604746022669051,1.2857142857142858,1.0,-0.8625000000000002,0.2222222222222222,-2.0,-0.5,1.604746022669051,1.2857142857142858,1.0
167,1,0.18750000000000006,0.5555555555555556,0.2908037960248176,0.14285714285714285,0.5,0.18750000000000006,0.5555555555555556,0.0,0.5,0.2908037960248176,0.14285714285714285,0.5
168,1,-0.18750000000000006,0.3333333333333333,0.48955960955551076,1.2857142857142858,0.5,-0.18750000000000006,0.3333333333333333,-1.0,0.0,0.48955960955551076,1.2857142857142858,0.5
169,1,0.18750000000000006,-0.7777777777777778,1.6354143597100423,-0.42857142857142855,-1.0,0.18750000000000006,-0.7777777777777778,-1.0,0.0,1.6354143597100423,-0.42857142857142855,-1.0
170,2,0.3750000000000001,0.6666666666666666,-0.4226961560455761,0.14285714285714285,0.5,0.3750000000000001,0.6666666666666666,0.0,0.5,-0.4226961560455761,0.14285714285714285,0.5
171,0,-1.0125000000000004,0.1111111111111111,0.7844688242702305,1.1428571428571428,1.0,-1.0125000000000004,0.1111111111111111,-1.0,-0.5,0.7844688242702305,1.1428571428571428,1.0
172,2,0.9375000000000002,-0.6666666666666666,-0.5865790491427212,-0.42857142857142855,-1.0,0.9375000000000002,-0.6666666666666666,0.0,0.5,-0.5865790491427212,-0.42857142857142855,-1.0
173,1,0.18750000000000006,-0.7777777777777778,-0.1754620248771184,-0.42857142857142855,-1.0,0.18750000000000006,-0.7777777777777778,-1.0,0.0,-0.1754620248771184,-0.42857142857142855,-1.0
174,1,0.18750000000000006,-0.3333333333333333,-0.25952063782736745,0.2857142857142857,-0.5,0.18750000000000006,-0.3333333333333333,-1.0,0.0,-0.25952063782736745,0.2857142857142857,-0.5
175,1,0.4374999999999999,0.2222222222222222,-0.6496610219914256,-0.14285714285714285,0.0,0.4374999999999999,0.2222222222222222,0.0,0.0,-0.6496610219914256,-0.14285714285714285,0.0
176,0,-1.5267857142857146,0.1111111111111111,1.1860990919818728,2.142857142857143,2.0,-1.5267857142857146,0.1111111111111111,-2.0,-0.5,1.1860990919818728,2.142857142857143,2.0
177,0,-0.8125000000000003,-0.3333333333333333,-0.5049169165066258,0.7142857142857143,0.0,-0.8125000000000003,-0.3333333333333333,-1.0,-0.5,-0.5049169165066258,0.7142857142857143,0.0
178,1,0.18750000000000006,-0.3333333333333333,-0.515580427532088,-0.14285714285714285,-0.5,0.18750000000000006,-0.3333333333333333,-1.0,0.0,-0.515580427532088,-0.14285714285714285,-0.5
179,0,-0.31249999999999994,-0.1111111111111111,-0.3191615954939559,0.0,0.0,-0.31249999999999994,-0.1111111111111111,-1.0,0.0,-0.3191615954939559,0.0,0.0
180,0,-1.5625000000000002,-0.6666666666666666,-0.22523609462957025,-0.2857142857142857,0.0,-1.5625000000000002,-0.6666666666666666,-2.0,-0.5,-0.22523609462957025,-0.2857142857142857,0.0
181,1,-0.31249999999999994,-0.1111111111111111,-0.27658688315423086,-0.2857142857142857,0.0,-0.31249999999999994,-0.1111111111111111,-1.0,-0.5,-0.27658688315423086,-0.2857142857142857,0.0
182,2,0.9375000000000002,-0.6666666666666666,-0.7218727584645337,-0.42857142857142855,-1.0,0.9375000000000002,-0.6666666666666666,0.0,0.5,-0.7218727584645337,-0.42857142857142855,-1.0
183,1,0.18750000000000006,-0.7777777777777778,0.042267301761495665,-0.2857142857142857,-1.0,0.18750000000000006,-0.7777777777777778,-1.0,0.0,0.042267301761495665,-0.2857142857142857,-1.0
184,2,-0.5625000000000001,0.4444444444444444,0.051473091657934664,0.5714285714285714,1.0,-0.5625000000000001,0.4444444444444444,-1.0,0.0,0.051473091657934664,0.5714285714285714,1.0
185,1,0.4374999999999999,0.2222222222222222,0.3776059657485117,0.2857142857142857,0.0,0.4374999999999999,0.2222222222222222,0.0,0.0,0.3776059657485117,0.2857142857142857,0.0
186,2,-0.5625000000000001,0.1111111111111111,-0.0961666231443805,-0.14285714285714285,0.5,-0.5625000000000001,0.1111111111111111,-1.0,0.0,-0.0961666231443805,-0.14285714285714285,0.5
187,0,-1.5625000000000002,-0.6666666666666666,-0.3889537132222909,-0.14285714285714285,0.0,-1.5625000000000002,-0.6666666666666666,-2.0,-0.5,-0.3889537132222909,-0.14285714285714285,0.0
188,1,-0.06250000000000012,0.0,0.222138850416657,0.42857142857142855,0.0,-0.06250000000000012,0.0,0.0,0.0,0.222138850416657,0.42857142857142855,0.0
189,2,0.9375000000000002,0.4444444444444444,-0.3070139194187626,-0.14285714285714285,0.0,0.9375000000000002,0.4444444444444444,0.0,0.5,-0.3070139194187626,-0.14285714285714285,0.0
190,0,-1.1625,0.0,2.505987895295296,2.2857142857142856,1.0,-1.1625,0.0,-2.0,-1.0,2.505987895295296,2.2857142857142856,1.0
191,1,-0.06250000000000012,0.0,-0.04315317310521044,-0.14285714285714285,0.0,-0.06250000000000012,0.0,0.0,0.0,-0.04315317310521044,-0.14285714285714285,0.0
192,1,-0.31249999999999994,-0.1111111111111111,0.8729799323696728,0.7142857142857143,0.0,-0.31249999999999994,-0.1111111111111111,-1.0,0.0,0.8729799323696728,0.7142857142857143,0.0
193,0,0.18750000000000006,-0.3333333333333333,0.4736106198785563,-0.14285714285714285,-0.5,0.18750000000000006,-0.3333333333333333,0.0,-0.5,0.4736106198785563,-0.14285714285714285,-0.5
194,1,0.18750000000000006,-0.7777777777777778,0.27606461572024976,0.2857142857142857,-1.0,0.18750000000000006,-0.7777777777777778,-1.0,0.0,0.27606461572024976,0.2857142857142857,-1.0
195,2,0.18750000000000006,0.1111111111111111,-0.040363339470526595,0.14285714285714285,0.0,0.18750000000000006,0.1111111111111111,0.0,0.5,-0.040363339470526595,0.14285714285714285,0.0
196,0,-0.5625000000000001,-0.5555555555555556,-0.20268934673599381,0.0,-0.5,-0.5625000000000001,-0.5555555555555556,-2.0,-0.5,-0.20268934673599381,0.0,-0.5
197,1,-0.18750000000000006,-0.4444444444444444,-0.04567526204272677,0.2857142857142857,-0.5,-0.18750000000000006,-0.4444444444444444,-1.0,-0.5,-0.04567526204272677,0.2857142857142857,-0.5
198,0,-0.8625000000000002,0.2222222222222222,0.489913296994979,0.5714285714285714,1.0,-0.8625000000000002,0.2222222222222222,-2.0,-0.5,0.489913296994979,0.5714285714285714,1.0
199,1,-1.3125000000000002,0.1111111111111111,1.0521077457549244,3.2857142857142856,1.5,-1.3125000000000002,0.1111111111111111,-2.0,-0.5,1.0521077457549244,3.2857142857142856,1.5
200,2,0.9375000000000002,-0.6666666666666666,-1.0078538444502474,-0.7142857142857143,-1.0,0.9375000000000002,-0.6666666666666666,0.0,0.5,-1.0078538444502474,-0.7142857142857143,-1.0
201,1,-0.18750000000000006,-0.4444444444444444,-0.4483302316818003,0.42857142857142855,-0.5,-0.18750000000000006,-0.4444444444444444,-1.0,0.0,-0.4483302316818003,0.42857142857142855,-0.5
202,1,-0.9375000000000002,-0.6666666666666666,-0.0360199254942534,-0.14285714285714285,-0.5,-0.9375000000000002,-0.6666666666666666,-2.0,-0.5,-0.0360199254942534,-0.14285714285714285,-0.5
203,1,0.18750000000000006,-0.7777777777777778,-0.2196200669692292,-0.2857142857142857,-1.0,0.18750000000000006,-0.7777777777777778,-1.0,0.0,-0.2196200669692292,-0.2857142857142857,-1.0
204,1,0.18750000000000006,-0.3333333333333333,-0.41065756114330293,0.2857142857142857,-0.5,0.18750000000000006,-0.3333333333333333,0.0,-0.5,-0.41065756114330293,0.2857142857142857,-0.5
205,0,-0.5625000000000001,-0.2222222222222222,-0.3921104562567969,0.7142857142857143,0.0,-0.5625000000000001,-0.2222222222222222,-1.0,-1.0,-0.3921104562567969,0.7142857142857143,0.0
206,1,0.18750000000000006,-0.3333333333333333,-0.663692827417057,0.14285714285714285,-0.5,0.18750000000000006,-0.3333333333333333,0.0,0.5,-0.663692827417057,0.14285714285714285,-0.5
207,1,0.4374999999999999,0.2222222222222222,1.5202246411064135,1.5714285714285714,0.0,0.4374999999999999,0.2222222222222222,0.0,0.0,1.5202246411064135,1.5714285714285714,0.0
208,1,0.6875000000000003,0.3333333333333333,-0.06292992030463397,0.14285714285714285,0.0,0.6875000000000003,0.3333333333333333,0.0,0.0,-0.06292992030463397,0.14285714285714285,0.0
209,0,-0.9375000000000002,-0.6666666666666666,-0.2877098573019929,-0.42857142857142855,-0.5,-0.9375000000000002,-0.6666666666666666,-1.0,-1.5,-0.2877098573019929,-0.42857142857142855,-0.5
210,1,0.09375000000000003,2.2222222222222223,2.6962353773382213,1.5714285714285714,2.5,0.09375000000000003,2.2222222222222223,0.0,0.0,2.6962353773382213,1.5714285714285714,2.5
211,1,-0.39583333333333337,2.0,4.226092216562488,0.8571428571428571,3.0,-0.39583333333333337,2.0,0.0,0.0,4.226092216562488,0.8571428571428571,3.0
212,0,-1.3125000000000002,-0.7777777777777778,1.3620602458623527,-0.2857142857142857,-0.5,-1.3125000000000002,-0.7777777777777778,-2.0,-0.5,1.3620602458623527,-0.2857142857142857,-0.5
213,1,-0.39583333333333337,2.0,0.8856002935275199,0.2857142857142857,3.0,-0.39583333333333337,2.0,0.0,0.5,0.8856002935275199,0.2857142857142857,3.0
214,2,0.9375000000000002,-0.1111111111111111,-0.27354252678273344,-0.5714285714285714,-0.5,0.9375000000000002,-0.1111111111111111,0.0,0.5,-0.27354252678273344,-0.5714285714285714,-0.5
215,1,0.3375000000000002,1.1111111111111112,0.36049344356040947,1.5714285714285714,1.0,0.3375000000000002,1.1111111111111112,0.0,0.5,0.36049344356040947,1.5714285714285714,1.0
216,2,0.18750000000000006,0.5555555555555556,0.6983641129552073,0.14285714285714285,0.5,0.18750000000000006,0.5555555555555556,0.0,-0.5,0.6983641129552073,0.14285714285714285,0.5
217,0,-1.3125000000000002,0.3333333333333333,2.074832990113279,0.14285714285714285,2.0,-1.3125000000000002,0.3333333333333333,-1.0,-1.5,2.074832990113279,0.14285714285714285,2.0
218,1,-0.9375000000000002,-0.6666666666666666,-0.43490663643245064,-0.42857142857142855,-0.5,-0.9375000000000002,-0.6666666666666666,-1.0,0.0,-0.43490663643245064,-0.42857142857142855,-0.5
219,1,-0.8625000000000002,0.2222222222222222,0.7971916556208206,-0.14285714285714285,1.0,-0.8625000000000002,0.2222222222222222,0.0,0.0,0.7971916556208206,-0.14285714285714285,1.0
220,2,0.5625000000000001,-0.2222222222222222,-0.04544718322662109,-0.14285714285714285,-0.5,0.5625000000000001,-0.2222222222222222,0.0,0.5,-0.04544718322662109,-0.14285714285714285,-0.5
221,1,-0.5625000000000001,0.4444444444444444,0.3114598035877789,-0.14285714285714285,1.0,-0.5625000000000001,0.4444444444444444,0.0,-0.5,0.3114598035877789,-0.14285714285714285,1.0
222,2,0.9375000000000002,-0.1111111111111111,1.343060288833724,-0.42857142857142855,-0.5,0.9375000000000002,-0.1111111111111111,0.0,0.5,1.343060288833724,-0.42857142857142855,-0.5
223,2,0.9375000000000002,-0.6666666666666666,-0.8262799683995148,-0.7142857142857143,-1.0,0.9375000000000002,-0.6666666666666666,0.0,0.5,-0.8262799683995148,-0.7142857142857143,-1.0
224,2,0.9375000000000002,-0.6666666666666666,-0.24247091995094652,-0.7142857142857143,-1.0,0.9375000000000002,-0.6666666666666666,0.0,0.5,-0.24247091995094652,-0.7142857142857143,-1.0
225,2,-0.5625000000000001,0.1111111111111111,-0.5699987108588654,-0.42857142857142855,0.5,-0.5625000000000001,0.1111111111111111,0.0,0.5,-0.5699987108588654,-0.42857142857142855,0.5
226,0,-0.9791666666666667,1.2222222222222223,1.4351413262287334,1.1428571428571428,3.0,-0.9791666666666667,1.2222222222222223,-2.0,-0.5,1.4351413262287334,1.1428571428571428,3.0
227,2,0.9375000000000002,-0.6666666666666666,0.2622113067593967,-0.2857142857142857,-1.0,0.9375000000000002,-0.6666666666666666,0.0,0.5,0.2622113067593967,-0.2857142857142857,-1.0
228,1,-0.06250000000000012,0.0,-0.3319406201760504,-0.2857142857142857,0.0,-0.06250000000000012,0.0,0.0,0.5,-0.3319406201760504,-0.2857142857142857,0.0
229,2,0.6875000000000003,0.3333333333333333,-0.5404773788785794,-0.2857142857142857,0.0,0.6875000000000003,0.3333333333333333,0.0,0.5,-0.5404773788785794,-0.2857142857142857,0.0
230,2,0.9375000000000002,-0.6666666666666666,-0.7507098539965028,-0.7142857142857143,-1.0,0.9375000000000002,-0.6666666666666666,0.0,0.5,-0.7507098539965028,-0.7142857142857143,-1.0
231,1,0.9375000000000002,-0.1111111111111111,-0.6541201281207958,-0.7142857142857143,-0.5,0.9375000000000002,-0.1111111111111111,0.0,0.5,-0.6541201281207958,-0.7142857142857143,-0.5
232,1,-0.3750000000000001,0.2222222222222222,-0.45997547326354343,0.0,0.5,-0.3750000000000001,0.2222222222222222,-1.0,-0.5,-0.45997547326354343,0.0,0.5
233,2,0.18750000000000006,-0.3333333333333333,-0.6504312011820432,-0.2857142857142857,-0.5,0.18750000000000006,-0.3333333333333333,-1.0,0.0,-0.6504312011820432,-0.2857142857142857,-0.5
234,0,-1.3125000000000002,-0.3333333333333333,-0.12064047175954543,0.7142857142857143,0.5,-1.3125000000000002,-0.3333333333333333,-2.0,-0.5,-0.12064047175954543,0.7142857142857143,0.5
235,0,-1.6125000000000003,-0.3333333333333333,0.06852942051453259,0.42857142857142855,1.0,-1.6125000000000003,-0.3333333333333333,-3.0,-1.0,0.06852942051453259,0.42857142857142855,1.0
236,1,-0.06250000000000012,0.0,0.37697131165152203,0.14285714285714285,0.0,-0.06250000000000012,0.0,-1.0,0.0,0.37697131165152203,0.14285714285714285,0.0
237,2,0.18750000000000006,-0.3333333333333333,-0.528104929477369,-0.42857142857142855,-0.5,0.18750000000000006,-0.3333333333333333,-1.0,0.0,-0.528104929477369,-0.42857142857142855,-0.5
238,0,-0.5625000000000001,-0.2222222222222222,-0.19108377103531254,0.14285714285714285,0.0,-0.5625000000000001,-0.2222222222222222,-1.0,0.0,-0.19108377103531254,0.14285714285714285,0.0
239,1,-0.3750000000000001,0.2222222222222222,0.4081387776958751,0.2857142857142857,0.5,-0.3750000000000001,0.2222222222222222,0.0,-0.5,0.4081387776958751,0.2857142857142857,0.5
240,2,-0.06250000000000012,0.0,-0.268987561440797,0.2857142857142857,0.0,-0.06250000000000012,0.0,-1.0,0.0,-0.268987561440797,0.2857142857142857,0.0
241,2,0.18750000000000006,0.1111111111111111,-0.03327636872080839,0.14285714285714285,0.0,0.18750000000000006,0.1111111111111111,0.0,-0.5,-0.03327636872080839,0.14285714285714285,0.0
242,1,-0.18750000000000006,-0.4444444444444444,-0.07684272808707983,-0.42857142857142855,-0.5,-0.18750000000000006,-0.4444444444444444,-1.0,0.0,-0.07684272808707983,-0.42857142857142855,-0.5
243,0,-0.8625000000000002,0.2222222222222222,0.07068460005222674,0.0,1.0,-0.8625000000000002,0.2222222222222222,-1.0,0.0,0.07068460005222674,0.0,1.0
244,2,0.4374999999999999,0.2222222222222222,-0.18654202765373007,1.0,0.0,0.4374999999999999,0.2222222222222222,0.0,0.5,-0.18654202765373007,1.0,0.0
245,2,-0.31249999999999994,-0.1111111111111111,0.7055469429174916,-0.5714285714285714,0.0,-0.31249999999999994,-0.1111111111111111,0.0,0.5,0.7055469429174916,-0.5714285714285714,0.0
246,2,0.18750000000000006,-0.3333333333333333,-0.44924915792639997,-0.42857142857142855,-0.5,0.18750000000000006,-0.3333333333333333,-1.0,0.0,-0.44924915792639997,-0.42857142857142855,-0.5
247,2,0.3750000000000001,0.6666666666666666,0.5304022450888681,-0.14285714285714285,0.5,0.3750000000000001,0.6666666666666666,0.0,0.5,0.5304022450888681,-0.14285714285714285,0.5
248,2,0.4374999999999999,0.2222222222222222,1.2874850839759757,-0.42857142857142855,0.0,0.4374999999999999,0.2222222222222222,0.0,0.5,1.2874850839759757,-0.42857142857142855,0.0
249,0,-1.1250000000000002,0.7777777777777778,1.353221365365736,1.1428571428571428,2.5,-1.1250000000000002,0.7777777777777778,-1.0,-1.0,1.353221365365736,1.1428571428571428,2.5
250,0,-0.8625000000000002,1.6666666666666667,0.4356900375834223,0.5714285714285714,3.5,-0.8625000000000002,1.6666666666666667,-1.0,0.0,0.4356900375834223,0.5714285714285714,3.5
251,1,-0.18750000000000006,0.3333333333333333,-0.34267354649337084,0.0,0.5,-0.18750000000000006,0.3333333333333333,-1.0,-0.5,-0.34267354649337084,0.0,0.5
252,2,-1.1079545454545456,1.5555555555555556,0.6202652986345021,2.142857142857143,4.0,-1.1079545454545456,1.5555555555555556,0.0,0.5,0.6202652986345021,2.142857142857143,4.0
253,2,0.6374999999999998,1.3333333333333333,0.15043615941717597,0.5714285714285714,1.0,0.6374999999999998,1.3333333333333333,0.0,0.5,0.15043615941717597,0.5714285714285714,1.0
254,0,0.18750000000000006,0.1111111111111111,-0.20391568355882284,0.0,0.0,0.18750000000000006,0.1111111111111111,0.0,0.5,-0.20391568355882284,0.0,0.0
255,2,0.5625000000000001,-0.2222222222222222,-0.6637490207485612,-0.14285714285714285,-0.5,0.5625000000000001,-0.2222222222222222,0.0,0.5,-0.6637490207485612,-0.14285714285714285,-0.5
256,2,0.9375000000000002,-0.1111111111111111,-0.7613039497301067,-0.2857142857142857,-0.5,0.9375000000000002,-0.1111111111111111,0.0,0.5,-0.7613039497301067,-0.2857142857142857,-0.5
257,1,0.18750000000000006,-0.7777777777777778,-0.03797677562663828,-0.14285714285714285,-1.0,0.18750000000000006,-0.7777777777777778,-1.0,0.0,-0.03797677562663828,-0.14285714285714285,-1.0
258,2,0.9375000000000002,0.4444444444444444,-0.5953055429763294,-0.42857142857142855,0.0,0.9375000000000002,0.4444444444444444,0.0,0.5,-0.5953055429763294,-0.42857142857142855,0.0
259,1,-0.5625000000000001,-0.5555555555555556,-0.47898534676243776,-0.7142857142857143,-0.5,-0.5625000000000001,-0.5555555555555556,0.0,0.5,-0.47898534676243776,-0.7142857142857143,-0.5
260,1,-0.18750000000000006,0.3333333333333333,0.4991356143418604,0.14285714285714285,0.5,-0.18750000000000006,0.3333333333333333,0.0,0.5,0.4991356143418604,0.14285714285714285,0.5
261,1,0.18750000000000006,-0.3333333333333333,0.7841250533010277,-0.2857142857142857,-0.5,0.18750000000000006,-0.3333333333333333,0.0,-0.5,0.7841250533010277,-0.2857142857142857,-0.5
262,0,-1.6125000000000003,-0.3333333333333333,0.18371913911816135,-0.42857142857142855,1.0,-1.6125000000000003,-0.3333333333333333,-1.0,0.0,0.18371913911816135,-0.42857142857142855,1.0
263,2,0.0,0.4444444444444444,0.7751076763396325,1.0,0.5,0.0,0.4444444444444444,0.0,0.5,0.7751076763396325,1.0,0.5
264,1,-0.18750000000000006,0.3333333333333333,0.012121232154485385,-0.14285714285714285,0.5,-0.18750000000000006,0.3333333333333333,0.0,0.0,0.012121232154485385,-0.14285714285714285,0.5
265,2,-0.18750000000000006,0.3333333333333333,-0.064020732033835,0.2857142857142857,0.5,-0.18750000000000006,0.3333333333333333,0.0,0.5,-0.064020732033835,0.2857142857142857,0.5
266,2,0.9375000000000002,-0.1111111111111111,-0.6401213775960493,-0.2857142857142857,-0.5,0.9375000000000002,-0.1111111111111111,0.0,0.5,-0.6401213775960493,-0.2857142857142857,-0.5
267,1,-0.9375000000000002,-0.6666666666666666,0.47413949829271435,-0.42857142857142855,-0.5,-0.9375000000000002,-0.6666666666666666,-1.0,0.0,0.47413949829271435,-0.42857142857142855,-0.5
268,2,0.9375000000000002,-0.1111111111111111,-0.016662975536067857,-0.2857142857142857,-0.5,0.9375000000000002,-0.1111111111111111,0.0,0.5,-0.016662975536067857,-0.2857142857142857,-0.5
269,2,0.5625000000000001,-0.2222222222222222,-0.4229969556436285,-0.42857142857142855,-0.5,0.5625000000000001,-0.2222222222222222,0.0,0.5,-0.4229969556436285,-0.42857142857142855,-0.5
270,1,0.18750000000000006,0.1111111111111111,0.1771974071735746,0.0,0.0,0.18750000000000006,0.1111111111111111,0.0,0.5,0.1771974071735746,0.0,0.0
271,0,-0.5625000000000001,-0.2222222222222222,0.04691482082590975,0.7142857142857143,0.0,-0.5625000000000001,-0.2222222222222222,0.0,0.5,0.04691482082590975,0.7142857142857143,0.0
272,1,-0.7500000000000002,0.0,0.37278986668958475,0.0,0.5,-0.7500000000000002,0.0,0.0,0.5,0.37278986668958475,0.0,0.5
273,2,0.6875000000000003,0.3333333333333333,0.9492012283201169,-0.42857142857142855,0.0,0.6875000000000003,0.3333333333333333,0.0,0.5,0.9492012283201169,-0.42857142857142855,0.0
274,1,-0.5625000000000001,-0.2222222222222222,-0.23109342306637093,0.14285714285714285,0.0,-0.5625000000000001,-0.2222222222222222,-1.0,0.0,-0.23109342306637093,0.14285714285714285,0.0
275,2,0.9375000000000002,-0.6666666666666666,-0.3226191381265143,-0.7142857142857143,-1.0,0.9375000000000002,-0.6666666666666666,0.0,0.5,-0.3226191381265143,-0.7142857142857143,-1.0
276,2,0.18750000000000006,-0.3333333333333333,-0.46462960330813446,-0.14285714285714285,-0.5,0.18750000000000006,-0.3333333333333333,0.0,0.5,-0.46462960330813446,-0.14285714285714285,-0.5
277,0,-0.7500000000000002,1.2222222222222223,0.46837802906847986,1.4285714285714286,2.5,-0.7500000000000002,1.2222222222222223,0.0,0.5,0.46837802906847986,1.4285714285714286,2.5
278,1,0.18750000000000006,0.1111111111111111,-0.12996525929917,0.42857142857142855,0.0,0.18750000000000006,0.1111111111111111,-1.0,0.0,-0.12996525929917,0.42857142857142855,0.0
279,0,-0.5625000000000001,0.4444444444444444,1.4065818918641972,0.7142857142857143,1.0,-0.5625000000000001,0.4444444444444444,0.0,0.5,1.4065818918641972,0.7142857142857143,1.0
280,2,0.6875000000000003,0.3333333333333333,0.13833145471313305,-0.42857142857142855,0.0,0.6875000000000003,0.3333333333333333,0.0,0.0,0.13833145471313305,-0.42857142857142855,0.0
281,0,-0.9375000000000002,-0.1111111111111111,0.15440605301345003,0.0,0.5,-0.9375000000000002,-0.1111111111111111,-1.0,-0.5,0.15440605301345003,0.0,0.5
282,1,0.18750000000000006,0.1111111111111111,-0.21440730909968367,0.14285714285714285,0.0,0.18750000000000006,0.1111111111111111,-1.0,0.0,-0.21440730909968367,0.14285714285714285,0.0
283,1,0.0,0.4444444444444444,6.759036383529404,1.0,0.5,0.0,0.4444444444444444,0.0,0.0,6.759036383529404,1.0,0.5
284,0,-0.5625000000000001,0.7777777777777778,0.6046468579663964,1.1428571428571428,1.5,-0.5625000000000001,0.7777777777777778,-1.0,0.0,0.6046468579663964,1.1428571428571428,1.5
285,1,-0.5625000000000001,-0.2222222222222222,0.0009023987941572157,0.0,0.0,-0.5625000000000001,-0.2222222222222222,-1.0,0.0,0.0009023987941572157,0.0,0.0
286,1,0.5625000000000001,-0.2222222222222222,0.06433144810215287,0.0,-0.5,0.5625000000000001,-0.2222222222222222,0.0,0.5,0.06433144810215287,0.0,-0.5
287,2,0.4374999999999999,0.2222222222222222,-0.5792573885967203,-0.14285714285714285,0.0,0.4374999999999999,0.2222222222222222,0.0,0.0,-0.5792573885967203,-0.14285714285714285,0.0
288,2,0.5625000000000001,0.7777777777777778,0.5015420111262796,1.1428571428571428,0.5,0.5625000000000001,0.7777777777777778,0.0,0.5,0.5015420111262796,1.1428571428571428,0.5
289,0,-1.098214285714286,0.5555555555555556,0.053773712759522294,0.8571428571428571,2.0,-1.098214285714286,0.5555555555555556,-1.0,-1.0,0.053773712759522294,0.8571428571428571,2.0
290,2,0.18750000000000006,-0.3333333333333333,-0.13410042739986844,0.14285714285714285,-0.5,0.18750000000000006,-0.3333333333333333,0.0,0.5,-0.13410042739986844,0.14285714285714285,-0.5
291,1,0.7875000000000001,1.4444444444444444,0.5221517418280022,1.4285714285714286,1.0,0.7875000000000001,1.4444444444444444,0.0,0.5,0.5221517418280022,1.4285714285714286,1.0
292,1,0.037499999999999874,0.8888888888888888,1.8106582222413206,1.8571428571428572,1.0,0.037499999999999874,0.8888888888888888,0.0,-0.5,1.8106582222413206,1.8571428571428572,1.0
293,2,0.5625000000000001,-0.2222222222222222,0.15591005100371205,0.2857142857142857,-0.5,0.5625000000000001,-0.2222222222222222,0.0,0.0,0.15591005100371205,0.2857142857142857,-0.5
294,0,-0.5625000000000001,-0.2222222222222222,0.6085539472509892,0.7142857142857143,0.0,-0.5625000000000001,-0.2222222222222222,-1.0,0.0,0.6085539472509892,0.7142857142857143,0.0
295,2,0.6875000000000003,0.3333333333333333,0.32945819711959595,1.7142857142857142,0.0,0.6875000000000003,0.3333333333333333,0.0,0.5,0.32945819711959595,1.7142857142857142,0.0
296,0,-1.6125000000000003,-0.3333333333333333,0.061194538008177785,1.2857142857142858,1.0,-1.6125000000000003,-0.3333333333333333,-2.0,-0.5,0.061194538008177785,1.2857142857142858,1.0
297,0,-1.3125000000000002,0.1111111111111111,0.42198217018646267,1.2857142857142858,1.5,-1.3125000000000002,0.1111111111111111,-1.0,-1.0,0.42198217018646267,1.2857142857142858,1.5
298,1,0.18750000000000006,0.1111111111111111,0.19747658886644828,1.1428571428571428,0.0,0.18750000000000006,0.1111111111111111,-1.0,0.0,0.19747658886644828,1.1428571428571428,0.0
299,1,0.4374999999999999,0.2222222222222222,-0.14215260125542514,2.2857142857142856,0.0,0.4374999999999999,0.2222222222222222,0.0,0.0,-0.14215260125542514,2.2857142857142856,0.0
300,0,-0.5625000000000001,-0.8888888888888888,-0.5606739233192409,-0.2857142857142857,-1.0,-0.5625000000000001,-0.8888888888888888,-2.0,-0.5,-0.5606739233192409,-0.2857142857142857,-1.0
301,1,-0.18750000000000006,-0.4444444444444444,0.3376062301877188,-0.14285714285714285,-0.5,-0.18750000000000006,-0.4444444444444444,0.0,0.5,0.3376062301877188,-0.14285714285714285,-0.5
302,0,-0.5625000000000001,-0.8888888888888888,-0.16225659197360898,-0.5714285714285714,-1.0,-0.5625000000000001,-0.8888888888888888,-2.0,-0.5,-0.16225659197360898,-0.5714285714285714,-1.0
303,1,0.5625000000000001,1.7777777777777777,0.6583577664142374,2.2857142857142856,1.5,0.5625000000000001,1.7777777777777777,0.0,0.0,0.6583577664142374,2.2857142857142856,1.5
304,1,0.18750000000000006,-0.7777777777777778,0.27977337559953325,-0.2857142857142857,-1.0,0.18750000000000006,-0.7777777777777778,-1.0,0.0,0.27977337559953325,-0.2857142857142857,-1.0
305,1,0.18750000000000006,0.5555555555555556,1.8220985234375775,3.0,0.5,0.18750000000000006,0.5555555555555556,0.0,0.0,1.8220985234375775,3.0,0.5
306,0,-2.0625000000000004,-0.7777777777777778,0.05141359283634188,0.7142857142857143,0.5,-2.0625000000000004,-0.7777777777777778,-4.0,-1.5,0.05141359283634188,0.7142857142857143,0.5
307,1,0.18750000000000006,-0.7777777777777778,-0.34979026665388546,-0.5714285714285714,-1.0,0.18750000000000006,-0.7777777777777778,-1.0,0.0,-0.34979026665388546,-0.5714285714285714,-1.0
308,0,-0.5625000000000001,-0.8888888888888888,-0.38893388028175996,-0.14285714285714285,-1.0,-0.5625000000000001,-0.8888888888888888,-2.0,-0.5,-0.38893388028175996,-0.14285714285714285,-1.0
309,1,-0.5625000000000001,-0.2222222222222222,0.4125846618648914,0.2857142857142857,0.0,-0.5625000000000001,-0.2222222222222222,-1.0,0.0,0.4125846618648914,0.2857142857142857,0.0
310,0,0.18750000000000006,-0.3333333333333333,-0.3193037315677609,-0.2857142857142857,-0.5,0.18750000000000006,-0.3333333333333333,-1.0,0.0,-0.3193037315677609,-0.2857142857142857,-0.5
311,1,0.037499999999999874,0.8888888888888888,2.5399418894842443,4.857142857142857,1.0,0.037499999999999874,0.8888888888888888,0.0,-0.5,2.5399418894842443,4.857142857142857,1.0
312,0,-1.4625000000000004,-0.2222222222222222,-0.30749321548159336,1.0,1.0,-1.4625000000000004,-0.2222222222222222,-1.0,-1.0,-0.30749321548159336,1.0,1.0
313,2,0.9375000000000002,-0.6666666666666666,-0.48024143299606314,-0.7142857142857143,-1.0,0.9375000000000002,-0.6666666666666666,0.0,0.5,-0.48024143299606314,-0.7142857142857143,-1.0
314,2,-0.06250000000000012,0.0,0.5428143603711404,0.14285714285714285,0.0,-0.06250000000000012,0.0,0.0,0.5,0.5428143603711404,0.14285714285714285,0.0
315,1,0.18750000000000006,0.5555555555555556,0.6010504847501215,0.8571428571428571,0.5,0.18750000000000006,0.5555555555555556,0.0,0.0,0.6010504847501215,0.8571428571428571,0.5
316,2,0.3750000000000001,0.6666666666666666,0.3083956142757506,0.2857142857142857,0.5,0.3750000000000001,0.6666666666666666,0.0,0.5,0.3083956142757506,0.2857142857142857,0.5
317,1,-0.18750000000000006,-0.4444444444444444,1.181861453688431,-0.2857142857142857,-0.5,-0.18750000000000006,-0.4444444444444444,-1.0,0.0,1.181861453688431,-0.2857142857142857,-0.5
318,2,0.4374999999999999,0.2222222222222222,-0.3901337731838811,-0.2857142857142857,0.0,0.4374999999999999,0.2222222222222222,0.0,0.5,-0.3901337731838811,-0.2857142857142857,0.0
319,2,0.3750000000000001,0.6666666666666666,0.9385344118045662,2.7142857142857144,0.5,0.3750000000000001,0.6666666666666666,0.0,0.5,0.9385344118045662,2.7142857142857144,0.5
320,1,-0.5625000000000001,-0.5555555555555556,0.5684252975767452,0.0,-0.5,-0.5625000000000001,-0.5555555555555556,-1.0,0.0,0.5684252975767452,0.0,-0.5
321,1,0.18750000000000006,-0.7777777777777778,0.219666343830468,0.14285714285714285,-1.0,0.18750000000000006,-0.7777777777777778,-1.0,0.0,0.219666343830468,0.14285714285714285,-1.0
322,1,0.4374999999999999,0.2222222222222222,2.547349492772546,1.7142857142857142,0.0,0.4374999999999999,0.2222222222222222,0.0,0.5,2.547349492772546,1.7142857142857142,0.0
323,1,-0.15340909090909097,3.111111111111111,1.2786660364198899,1.7142857142857142,4.0,-0.15340909090909097,3.111111111111111,0.0,0.0,1.2786660364198899,1.7142857142857142,4.0
324,0,-0.5625000000000001,-0.8888888888888888,-0.37503759994975655,-0.2857142857142857,-1.0,-0.5625000000000001,-0.8888888888888888,-2.0,-0.5,-0.37503759994975655,-0.2857142857142857,-1.0
325,1,0.4374999999999999,0.2222222222222222,0.43051364010485016,1.7142857142857142,0.0,0.4374999999999999,0.2222222222222222,0.0,0.0,0.43051364010485016,1.7142857142857142,0.0
326,2,0.9375000000000002,-0.6666666666666666,-0.15553322513362444,-0.42857142857142855,-1.0,0.9375000000000002,-0.6666666666666666,0.0,0.5,-0.15553322513362444,-0.42857142857142855,-1.0
327,2,0.3750000000000001,2.5555555555555554,0.3266650579948236,1.1428571428571428,2.5,0.3750000000000001,2.5555555555555554,0.0,0.5,0.3266650579948236,1.1428571428571428,2.5
328,2,0.9375000000000002,-0.6666666666666666,0.7327742647763671,0.5714285714285714,-1.0,0.9375000000000002,-0.6666666666666666,0.0,0.5,0.7327742647763671,0.5714285714285714,-1.0
329,0,-0.5625000000000001,-0.8888888888888888,-0.6492544467105416,-0.42857142857142855,-1.0,-0.5625000000000001,-0.8888888888888888,-2.0,-0.5,-0.6492544467105416,-0.42857142857142855,-1.0
330,0,-0.28977272727272724,2.888888888888889,1.7145610143887984,2.0,4.0,-0.28977272727272724,2.888888888888889,0.0,-0.5,1.7145610143887984,2.0,4.0
331,0,-0.18750000000000006,0.3333333333333333,-0.3984933576176672,0.0,0.5,-0.18750000000000006,0.3333333333333333,0.0,-0.5,-0.3984933576176672,0.0,0.5
332,2,0.7875000000000001,1.4444444444444444,2.5484832758728975,7.571428571428571,1.0,0.7875000000000001,1.4444444444444444,0.0,0.5,2.5484832758728975,7.571428571428571,1.0
333,0,-1.3125000000000002,-1.0,-0.34118938144363975,-0.5714285714285714,-1.0,-1.3125000000000002,-1.0,-3.0,-1.0,-0.34118938144363975,-0.5714285714285714,-1.0
334,0,0.18750000000000006,-0.7777777777777778,-0.8556095819546685,-0.42857142857142855,-1.0,0.18750000000000006,-0.7777777777777778,-1.0,0.0,-0.8556095819546685,-0.42857142857142855,-1.0
335,2,0.9375000000000002,-0.6666666666666666,-0.8383879785936462,-0.5714285714285714,-1.0,0.9375000000000002,-0.6666666666666666,0.0,0.5,-0.8383879785936462,-0.5714285714285714,-1.0
336,2,0.9375000000000002,-0.6666666666666666,-0.8514413589530851,-0.7142857142857143,-1.0,0.9375000000000002,-0.6666666666666666,0.0,0.5,-0.8514413589530851,-0.7142857142857143,-1.0
337,2,0.9375000000000002,-0.6666666666666666,-0.608187037851167,-0.7142857142857143,-1.0,0.9375000000000002,-0.6666666666666666,0.0,0.5,-0.608187037851167,-0.7142857142857143,-1.0
338,2,-0.455357142857143,1.2222222222222223,0.45850783566425474,3.2857142857142856,2.0,-0.455357142857143,1.2222222222222223,0.0,0.5,0.45850783566425474,3.2857142857142856,2.0
339,1,0.9375000000000002,-0.6666666666666666,-0.9362205687426246,-0.7142857142857143,-1.0,0.9375000000000002,-0.6666666666666666,0.0,0.5,-0.9362205687426246,-0.7142857142857143,-1.0
340,1,0.08035714285714292,1.7777777777777777,5.323769448677308,4.142857142857143,2.0,0.08035714285714292,1.7777777777777777,0.0,0.5,5.323769448677308,4.142857142857143,2.0
341,0,0.18750000000000006,-0.7777777777777778,-0.40425152135181325,-0.2857142857142857,-1.0,0.18750000000000006,-0.7777777777777778,-1.0,0.0,-0.40425152135181325,-0.2857142857142857,-1.0
342,1,0.18750000000000006,-0.7777777777777778,-0.5414789423753913,-0.42857142857142855,-1.0,0.18750000000000006,-0.7777777777777778,-1.0,0.0,-0.5414789423753913,-0.42857142857142855,-1.0
343,1,-0.6375000000000002,2.0,1.0762675728116828,2.4285714285714284,3.5,-0.6375000000000002,2.0,-1.0,0.0,1.0762675728116828,2.4285714285714284,3.5
344,2,0.0,0.4444444444444444,1.1060004561576322,-0.14285714285714285,0.5,0.0,0.4444444444444444,0.0,-0.5,1.1060004561576322,-0.14285714285714285,0.5
345,2,0.9375000000000002,-0.1111111111111111,-0.5527539690672237,0.0,-0.5,0.9375000000000002,-0.1111111111111111,0.0,0.5,-0.5527539690672237,0.0,-0.5
346,1,-0.5625000000000001,-0.8888888888888888,-0.3689786366175581,-0.42857142857142855,-1.0,-0.5625000000000001,-0.8888888888888888,-2.0,-0.5,-0.3689786366175581,-0.42857142857142855,-1.0
347,1,-0.4125,0.5555555555555556,-0.6842100043963019,-0.14285714285714285,1.0,-0.4125,0.5555555555555556,0.0,0.0,-0.6842100043963019,-0.14285714285714285,1.0
348,2,-0.7500000000000002,0.0,-0.7143626849834891,-0.14285714285714285,0.5,-0.7500000000000002,0.0,0.0,0.5,-0.7143626849834891,-0.14285714285714285,0.5
349,2,0.18750000000000006,-0.7777777777777778,-0.9045043913435825,-0.2857142857142857,-1.0,0.18750000000000006,-0.7777777777777778,-1.0,0.0,-0.9045043913435825,-0.2857142857142857,-1.0
350,2,-0.18750000000000006,-0.4444444444444444,-0.8430454141283258,-0.42857142857142855,-0.5,-0.18750000000000006,-0.4444444444444444,-1.0,0.0,-0.8430454141283258,-0.42857142857142855,-0.5
351,0,-0.5625000000000001,-0.5555555555555556,0.510519722206613,0.42857142857142855,-0.5,-0.5625000000000001,-0.5555555555555556,-1.0,0.0,0.510519722206613,0.42857142857142855,-0.5
352,2,0.6875000000000003,0.3333333333333333,-0.7536087688041068,0.14285714285714285,0.0,0.6875000000000003,0.3333333333333333,0.0,0.5,-0.7536087688041068,0.14285714285714285,0.0
353,2,-0.5625000000000001,0.4444444444444444,-0.6000224773326017,0.5714285714285714,1.0,-0.5625000000000001,0.4444444444444444,0.0,0.5,-0.6000224773326017,0.5714285714285714,1.0
354,1,0.6875000000000003,0.3333333333333333,0.12592595041103768,0.14285714285714285,0.0,0.6875000000000003,0.3333333333333333,0.0,0.0,0.12592595041103768,0.14285714285714285,0.0
355,2,-0.5625000000000001,-0.5555555555555556,-0.7383473210655578,-0.42857142857142855,-0.5,-0.5625000000000001,-0.5555555555555556,0.0,0.5,-0.7383473210655578,-0.42857142857142855,-0.5
356,2,0.6875000000000003,0.3333333333333333,-0.040108816733713026,0.5714285714285714,0.0,0.6875000000000003,0.3333333333333333,0.0,0.5,-0.040108816733713026,0.5714285714285714,0.0
357,2,0.18750000000000006,0.5555555555555556,-0.13635477164021723,0.0,0.5,0.18750000000000006,0.5555555555555556,0.0,0.5,-0.13635477164021723,0.0,0.5
358,1,0.18750000000000006,-0.7777777777777778,-0.6184505845759222,-0.2857142857142857,-1.0,0.18750000000000006,-0.7777777777777778,-1.0,0.0,-0.6184505845759222,-0.2857142857142857,-1.0
359,0,-1.3125000000000002,0.3333333333333333,0.22188102218975497,0.42857142857142855,2.0,-1.3125000000000002,0.3333333333333333,0.0,0.5,0.22188102218975497,0.42857142857142855,2.0
360,1,-1.3125000000000002,-0.3333333333333333,-0.1412270640306485,-0.14285714285714285,0.5,-1.3125000000000002,-0.3333333333333333,-1.0,0.0,-0.1412270640306485,-0.14285714285714285,0.5
361,2,0.0,0.4444444444444444,0.4818445956889798,1.2857142857142858,0.5,0.0,0.4444444444444444,0.0,0.5,0.4818445956889798,1.2857142857142858,0.5
362,2,0.9375000000000002,-0.6666666666666666,-0.7433320001189977,-0.14285714285714285,-1.0,0.9375000000000002,-0.6666666666666666,0.0,0.5,-0.7433320001189977,-0.14285714285714285,-1.0
363,2,-0.5625000000000001,0.1111111111111111,-0.6922423453113276,-0.5714285714285714,0.5,-0.5625000000000001,0.1111111111111111,0.0,0.5,-0.6922423453113276,-0.5714285714285714,0.5
364,2,0.9375000000000002,-0.6666666666666666,-0.294945575105693,-0.5714285714285714,-1.0,0.9375000000000002,-0.6666666666666666,0.0,0.5,-0.294945575105693,-0.5714285714285714,-1.0
365,0,-1.3125000000000002,-0.5555555555555556,-0.15568527767769488,0.14285714285714285,0.0,-1.3125000000000002,-0.5555555555555556,-2.0,-1.5,-0.15568527767769488,0.14285714285714285,0.0
366,1,0.5625000000000001,-0.2222222222222222,-0.38242537029752716,-0.2857142857142857,-0.5,0.5625000000000001,-0.2222222222222222,0.0,0.5,-0.38242537029752716,-0.2857142857142857,-0.5
367,1,-1.1458333333333335,1.0,2.1658364377394412,2.0,3.0,-1.1458333333333335,1.0,-1.0,-0.5,2.1658364377394412,2.0,3.0
368,0,-0.06250000000000012,0.0,0.5104337794643122,0.0,0.0,-0.06250000000000012,0.0,0.0,-0.5,0.5104337794643122,0.0,0.0
369,2,0.9375000000000002,-0.6666666666666666,-0.8436337913640766,-0.42857142857142855,-1.0,0.9375000000000002,-0.6666666666666666,0.0,0.5,-0.8436337913640766,-0.42857142857142855,-1.0
370,2,0.9375000000000002,-0.6666666666666666,-0.16886096117040794,-0.2857142857142857,-1.0,0.9375000000000002,-0.6666666666666666,0.0,0.5,-0.16886096117040794,-0.2857142857142857,-1.0
371,2,0.4374999999999999,0.2222222222222222,1.291821886972072,-0.14285714285714285,0.0,0.4374999999999999,0.2222222222222222,0.0,0.0,1.291821886972072,-0.14285714285714285,0.0
372,2,0.9375000000000002,-0.6666666666666666,-0.18521322063815793,-0.42857142857142855,-1.0,0.9375000000000002,-0.6666666666666666,0.0,0.5,-0.18521322063815793,-0.42857142857142855,-1.0
373,2,-1.0625000000000002,-0.4444444444444444,-0.5387651350127427,-0.5714285714285714,0.0,-1.0625000000000002,-0.4444444444444444,0.0,0.5,-0.5387651350127427,-0.5714285714285714,0.0
374,2,-0.31249999999999994,1.0,1.1575661015380445,-0.14285714285714285,1.5,-0.31249999999999994,1.0,0.0,-1.5,1.1575661015380445,-0.14285714285714285,1.5
375,1,0.18750000000000006,-0.7777777777777778,-0.14184519067719575,0.0,-1.0,0.18750000000000006,-0.7777777777777778,-1.0,0.0,-0.14184519067719575,0.0,-1.0
376,2,0.18750000000000006,0.5555555555555556,-0.5664089486227676,-0.42857142857142855,0.5,0.18750000000000006,0.5555555555555556,0.0,0.5,-0.5664089486227676,-0.42857142857142855,0.5
377,0,-0.4375000000000002,0.8888888888888888,0.824574335513855,0.42857142857142855,1.5,-0.4375000000000002,0.8888888888888888,-1.0,-0.5,0.824574335513855,0.42857142857142855,1.5
378,2,0.037499999999999874,0.8888888888888888,0.8035943899222218,1.0,1.0,0.037499999999999874,0.8888888888888888,0.0,0.5,0.8035943899222218,1.0,1.0
379,0,-0.8839285714285715,0.7777777777777778,0.3526858759714009,0.5714285714285714,2.0,-0.8839285714285715,0.7777777777777778,0.0,0.0,0.3526858759714009,0.5714285714285714,2.0
380,1,0.18750000000000006,0.1111111111111111,0.38405828240124024,0.7142857142857143,0.0,0.18750000000000006,0.1111111111111111,0.0,-0.5,0.38405828240124024,0.7142857142857143,0.0
381,2,-1.0125000000000004,0.1111111111111111,0.42827912880503227,0.0,1.0,-1.0125000000000004,0.1111111111111111,0.0,0.5,0.42827912880503227,0.0,1.0
382,2,0.9375000000000002,-0.6666666666666666,0.06970286949594581,-0.7142857142857143,-1.0,0.9375000000000002,-0.6666666666666666,0.0,0.5,0.06970286949594581,-0.7142857142857143,-1.0
383,2,-0.2625000000000001,0.6666666666666666,-0.45076637787701596,0.2857142857142857,1.0,-0.2625000000000001,0.6666666666666666,0.0,0.5,-0.45076637787701596,0.2857142857142857,1.0
384,2,0.6875000000000003,0.3333333333333333,0.19902355822786066,-0.42857142857142855,0.0,0.6875000000000003,0.3333333333333333,0.0,0.5,0.19902355822786066,-0.42857142857142855,0.0
385,2,0.18750000000000006,0.5555555555555556,-0.25257249766136575,-0.42857142857142855,0.5,0.18750000000000006,0.5555555555555556,0.0,0.5,-0.25257249766136575,-0.42857142857142855,0.5
386,0,-0.18750000000000006,1.1111111111111112,0.8694595854254331,0.8571428571428571,1.5,-0.18750000000000006,1.1111111111111112,0.0,-1.0,0.8694595854254331,0.8571428571428571,1.5
387,0,-0.9375000000000002,-0.1111111111111111,0.34023078931797823,-0.14285714285714285,0.5,-0.9375000000000002,-0.1111111111111111,-2.0,-1.0,0.34023078931797823,-0.14285714285714285,0.5
388,0,-1.0625000000000002,-0.4444444444444444,0.015231698327752565,0.0,0.0,-1.0625000000000002,-0.4444444444444444,-2.0,-0.5,0.015231698327752565,0.0,0.0
389,1,-0.31249999999999994,2.111111111111111,1.1777295910778212,2.4285714285714284,3.0,-0.31249999999999994,2.111111111111111,0.0,0.0,1.1777295910778212,2.4285714285714284,3.0
390,0,-1.8482142857142863,-0.2222222222222222,0.8089889497466342,0.2857142857142857,2.0,-1.8482142857142863,-0.2222222222222222,-3.0,-1.0,0.8089889497466342,0.2857142857142857,2.0
391,2,0.9375000000000002,-0.6666666666666666,-0.5812307661795476,-0.5714285714285714,-1.0,0.9375000000000002,-0.6666666666666666,0.0,0.5,-0.5812307661795476,-0.5714285714285714,-1.0
392,1,0.18750000000000006,-0.7777777777777778,-0.6017413321786155,-0.42857142857142855,-1.0,0.18750000000000006,-0.7777777777777778,-1.0,0.0,-0.6017413321786155,-0.42857142857142855,-1.0
393,2,-0.455357142857143,1.2222222222222223,1.4561278828005435,2.857142857142857,2.0,-0.455357142857143,1.2222222222222223,0.0,0.5,1.4561278828005435,2.857142857142857,2.0
394,1,-0.7500000000000002,0.0,0.23403200375503674,-0.14285714285714285,0.5,-0.7500000000000002,0.0,-1.0,0.0,0.23403200375503674,-0.14285714285714285,0.5
395,2,0.9375000000000002,-0.6666666666666666,-0.39566055261183297,0.0,-1.0,0.9375000000000002,-0.6666666666666666,0.0,0.5,-0.39566055261183297,0.0,-1.0
396,2,0.9375000000000002,-0.6666666666666666,-0.3295573618222506,0.0,-1.0,0.9375000000000002,-0.6666666666666666,0.0,0.5,-0.3295573618222506,0.0,-1.0
397,0,-0.8625000000000002,0.2222222222222222,0.25213286747959684,0.7142857142857143,1.0,-0.8625000000000002,0.2222222222222222,-1.0,-0.5,0.25213286747959684,0.7142857142857143,1.0
398,2,0.6875000000000003,0.3333333333333333,-0.1873584837055866,0.2857142857142857,0.0,0.6875000000000003,0.3333333333333333,0.0,0.0,-0.1873584837055866,0.2857142857142857,0.0
399,1,0.5625000000000001,-0.2222222222222222,-0.013188905453067,0.0,-0.5,0.5625000000000001,-0.2222222222222222,0.0,0.0,-0.013188905453067,0.0,-0.5
400,2,0.9375000000000002,0.4444444444444444,-0.8667755274735809,-0.42857142857142855,0.0,0.9375000000000002,0.4444444444444444,0.0,0.5,-0.8667755274735809,-0.42857142857142855,0.0
401,1,0.4374999999999999,0.2222222222222222,0.4356602881726259,0.42857142857142855,0.0,0.4374999999999999,0.2222222222222222,0.0,0.0,0.4356602881726259,0.42857142857142855,0.0
402,1,-1.0625000000000002,-0.4444444444444444,0.5218641641903037,0.7142857142857143,0.0,-1.0625000000000002,-0.4444444444444444,-1.0,0.0,0.5218641641903037,0.7142857142857143,0.0
403,1,0.6875000000000003,0.3333333333333333,0.4684408333801611,0.14285714285714285,0.0,0.6875000000000003,0.3333333333333333,0.0,0.0,0.4684408333801611,0.14285714285714285,0.0
404,2,-0.18750000000000006,1.1111111111111112,1.464484161744241,2.0,1.5,-0.18750000000000006,1.1111111111111112,0.0,0.5,1.464484161744241,2.0,1.5
405,2,0.18750000000000006,-0.3333333333333333,-0.2872371722193391,-0.5714285714285714,-0.5,0.18750000000000006,-0.3333333333333333,0.0,0.5,-0.2872371722193391,-0.5714285714285714,-0.5
406,2,0.9375000000000002,-0.6666666666666666,-0.37237337493843525,-0.42857142857142855,-1.0,0.9375000000000002,-0.6666666666666666,0.0,0.5,-0.37237337493843525,-0.42857142857142855,-1.0
407,2,0.18750000000000006,0.1111111111111111,-0.7675381040369951,-0.42857142857142855,0.0,0.18750000000000006,0.1111111111111111,0.0,0.5,-0.7675381040369951,-0.42857142857142855,0.0
408,1,-0.5625000000000001,-0.5555555555555556,-0.5640058573284368,-0.14285714285714285,-0.5,-0.5625000000000001,-0.5555555555555556,-1.0,0.0,-0.5640058573284368,-0.14285714285714285,-0.5
409,2,0.5625000000000001,-0.2222222222222222,-0.7233965893953267,-0.42857142857142855,-0.5,0.5625000000000001,-0.2222222222222222,0.0,0.5,-0.7233965893953267,-0.42857142857142855,-0.5
410,2,0.9375000000000002,-0.1111111111111111,-0.6353151950073878,-0.2857142857142857,-0.5,0.9375000000000002,-0.1111111111111111,0.0,0.5,-0.6353151950073878,-0.2857142857142857,-0.5
411,2,0.9375000000000002,-0.6666666666666666,-0.825123046868544,-0.7142857142857143,-1.0,0.9375000000000002,-0.6666666666666666,0.0,0.5,-0.825123046868544,-0.7142857142857143,-1.0
412,2,0.9375000000000002,-0.1111111111111111,-0.7729491913118498,-0.42857142857142855,-0.5,0.9375000000000002,-0.1111111111111111,0.0,0.5,-0.7729491913118498,-0.42857142857142855,-0.5
413,1,0.037499999999999874,0.8888888888888888,-0.063472020679146,0.5714285714285714,1.0,0.037499999999999874,0.8888888888888888,0.0,-0.5,-0.063472020679146,0.5714285714285714,1.0
414,1,-1.229166666666667,0.8888888888888888,1.1740671080597764,0.8571428571428571,3.0,-1.229166666666667,0.8888888888888888,-1.0,0.0,1.1740671080597764,0.8571428571428571,3.0
415,2,0.0,0.4444444444444444,0.5102949488805958,0.2857142857142857,0.5,0.0,0.4444444444444444,-1.0,0.0,0.5102949488805958,0.2857142857142857,0.5
416,2,0.9375000000000002,-0.1111111111111111,-0.06911779775028344,-0.14285714285714285,-0.5,0.9375000000000002,-0.1111111111111111,0.0,0.5,-0.06911779775028344,-0.14285714285714285,-0.5
417,1,-0.3750000000000001,0.2222222222222222,0.5854485715324582,0.8571428571428571,0.5,-0.3750000000000001,0.2222222222222222,-1.0,0.0,0.5854485715324582,0.8571428571428571,0.5
418,2,0.18750000000000006,0.5555555555555556,-0.043748161321138276,-0.2857142857142857,0.5,0.18750000000000006,0.5555555555555556,0.0,0.5,-0.043748161321138276,-0.2857142857142857,0.5
419,1,-1.3125000000000002,-0.5555555555555556,-0.7490670254225242,-0.5714285714285714,0.0,-1.3125000000000002,-0.5555555555555556,-1.0,0.0,-0.7490670254225242,-0.5714285714285714,0.0
420,1,-0.31249999999999994,-0.1111111111111111,0.4194633867390349,-0.14285714285714285,0.0,-0.31249999999999994,-0.1111111111111111,0.0,0.0,0.4194633867390349,-0.14285714285714285,0.0
421,1,0.18750000000000006,-0.7777777777777778,-0.605301345003917,-0.42857142857142855,-1.0,0.18750000000000006,-0.7777777777777778,-1.0,0.0,-0.605301345003917,-0.42857142857142855,-1.0
422,2,0.9375000000000002,-0.6666666666666666,0.2518254569013675,-0.5714285714285714,-1.0,0.9375000000000002,-0.6666666666666666,0.0,0.5,0.2518254569013675,-0.5714285714285714,-1.0
423,2,0.9375000000000002,-0.1111111111111111,0.36664165512499713,0.0,-0.5,0.9375000000000002,-0.1111111111111111,0.0,0.5,0.36664165512499713,0.0,-0.5
424,2,-0.5625000000000001,0.1111111111111111,-0.19052514321035807,-0.2857142857142857,0.5,-0.5625000000000001,0.1111111111111111,0.0,0.5,-0.19052514321035807,-0.2857142857142857,0.5
425,1,0.5625000000000001,-0.2222222222222222,1.5456802202778595,0.0,-0.5,0.5625000000000001,-0.2222222222222222,0.0,0.0,1.5456802202778595,0.0,-0.5
426,2,0.9375000000000002,-0.6666666666666666,-0.055671064070314386,-0.7142857142857143,-1.0,0.9375000000000002,-0.6666666666666666,0.0,0.5,-0.055671064070314386,-0.7142857142857143,-1.0
427,0,-0.31249999999999994,-0.1111111111111111,0.24825552760580047,0.2857142857142857,0.0,-0.31249999999999994,-0.1111111111111111,0.0,-0.5,0.24825552760580047,0.2857142857142857,0.0
428,2,0.9375000000000002,-0.6666666666666666,0.12098424272874818,-0.5714285714285714,-1.0,0.9375000000000002,-0.6666666666666666,0.0,0.5,0.12098424272874818,-0.5714285714285714,-1.0
429,0,-2.0625000000000004,-1.1111111111111112,-0.5644388765300288,-0.14285714285714285,-1.0,-2.0625000000000004,-1.1111111111111112,-4.0,-1.5,-0.5644388765300288,-0.14285714285714285,-1.0
430,0,-0.5625000000000001,-0.2222222222222222,0.6733977463168577,0.42857142857142855,0.0,-0.5625000000000001,-0.2222222222222222,0.0,-0.5,0.6733977463168577,0.42857142857142855,0.0
431,0,-1.2053571428571432,0.4444444444444444,0.06639076842728087,0.5714285714285714,2.0,-1.2053571428571432,0.4444444444444444,-1.0,0.0,0.06639076842728087,0.5714285714285714,2.0
432,0,-0.7500000000000002,0.0,1.6453308299755063,0.7142857142857143,0.5,-0.7500000000000002,0.0,-1.0,0.0,1.6453308299755063,0.7142857142857143,0.5
433,0,-1.1250000000000002,0.7777777777777778,1.7210695243730312,0.8571428571428571,2.5,-1.1250000000000002,0.7777777777777778,0.0,-1.5,1.7210695243730312,0.8571428571428571,2.5
434,1,-0.06250000000000012,0.0,1.4496061508559566,0.2857142857142857,0.0,-0.06250000000000012,0.0,-1.0,0.0,1.4496061508559566,0.2857142857142857,0.0
435,2,0.4374999999999999,0.2222222222222222,1.1200917604048564,0.14285714285714285,0.0,0.4374999999999999,0.2222222222222222,0.0,0.5,1.1200917604048564,0.14285714285714285,0.0
436,2,0.9375000000000002,-0.6666666666666666,-0.7846307932845663,-0.5714285714285714,-1.0,0.9375000000000002,-0.6666666666666666,0.0,0.5,-0.7846307932845663,-0.5714285714285714,-1.0
437,2,-1.0625000000000002,-0.4444444444444444,-0.6849735726067425,-0.7142857142857143,0.0,-1.0625000000000002,-0.4444444444444444,0.0,0.5,-0.6849735726067425,-0.7142857142857143,0.0
438,0,0.18750000000000006,-0.7777777777777778,-0.0935585914645635,0.0,-1.0,0.18750000000000006,-0.7777777777777778,-1.0,0.0,-0.0935585914645635,0.0,-1.0
439,1,0.5625000000000001,-0.2222222222222222,-0.21982170186462696,0.14285714285714285,-0.5,0.5625000000000001,-0.2222222222222222,0.0,0.0,-0.21982170186462696,0.14285714285714285,-0.5
440,1,0.18750000000000006,-0.7777777777777778,-0.8018193417447038,-0.42857142857142855,-1.0,0.18750000000000006,-0.7777777777777778,-1.0,0.0,-0.8018193417447038,-0.42857142857142855,-1.0
441,2,-1.0625000000000002,-0.4444444444444444,-0.6791426880906498,-0.5714285714285714,0.0,-1.0625000000000002,-0.4444444444444444,0.0,0.5,-0.6791426880906498,-0.5714285714285714,0.0
442,2,0.18750000000000006,-0.3333333333333333,-0.5476040155093594,-0.2857142857142857,-0.5,0.18750000000000006,-0.3333333333333333,0.0,0.5,-0.5476040155093594,-0.2857142857142857,-0.5
443,0,-2.0625000000000004,-0.8888888888888888,-0.7629897496752356,-0.5714285714285714,0.0,-2.0625000000000004,-0.8888888888888888,-4.0,-1.5,-0.7629897496752356,-0.5714285714285714,0.0
444,1,0.18750000000000006,-0.7777777777777778,-0.6779461006786172,-0.42857142857142855,-1.0,0.18750000000000006,-0.7777777777777778,-1.0,0.0,-0.6779461006786172,-0.42857142857142855,-1.0
445,2,0.4374999999999999,0.2222222222222222,-0.7359673682018465,-0.42857142857142855,0.0,0.4374999999999999,0.2222222222222222,0.0,0.5,-0.7359673682018465,-0.42857142857142855,0.0
446,2,-0.7500000000000002,0.0,-0.35961418319687166,-0.5714285714285714,0.5,-0.7500000000000002,0.0,0.0,0.5,-0.35961418319687166,-0.5714285714285714,0.5
447,2,0.9375000000000002,-0.1111111111111111,-0.9139448710363042,-0.5714285714285714,-0.5,0.9375000000000002,-0.1111111111111111,0.0,0.5,-0.9139448710363042,-0.5714285714285714,-0.5
448,2,0.9375000000000002,-0.6666666666666666,-0.8679423654748172,-0.7142857142857143,-1.0,0.9375000000000002,-0.6666666666666666,0.0,0.5,-0.8679423654748172,-0.7142857142857143,-1.0
449,2,0.9375000000000002,-0.6666666666666666,-0.8178377467135165,-0.7142857142857143,-1.0,0.9375000000000002,-0.6666666666666666,0.0,0.5,-0.8178377467135165,-0.7142857142857143,-1.0
